Type,ID,Field1,Field2,Field3,Field4
Question,Q01,"Do you prefer working with tools, machines, or physical objects?",Stage1_RIASE,R,"This asks if you enjoy hands-on work building, fixing, or operating equipment. Realistic careers involve tangible results through physical action rather than abstract concepts or social interaction."
Question,Q02,"Do you prefer analyzing data, solving complex problems, or research?",Stage1_RIASE,I,"This asks if you're energized by intellectual challenges and systematic investigation. Investigative careers focus on understanding how things work through observation, experimentation, and logical analysis rather than implementation or people management."
Question,Q03,"Do you prefer creative expression, design, or artistic work?",Stage1_RIASE,A,"This asks if you're driven to create original work that reflects your unique vision. Artistic careers emphasize aesthetic judgment, imagination, and self-expression rather than standardized procedures or quantitative analysis."
Question,Q04,"Do you prefer helping, teaching, or caring for people directly?",Stage1_RIASE,S,"This asks if you find fulfillment in supporting others' growth and wellbeing. Social careers center on empathy, communication, and positive impact on individuals rather than systems, objects, or abstractions."
Question,Q05,"Do you prefer leading, managing, or persuading others?",Stage1_RIASE,E,"This asks if you're energized by influencing outcomes through people and resources. Enterprising careers involve strategic decision-making, risk-taking, and driving results rather than detailed execution or individual contribution."
Question,Q10,"Do you prefer working in extreme weather/temperature conditions?",Stage2_Differentiator,,"Assess your tolerance for heat, cold, or other harsh physical environments. Extreme conditions require physical resilience and specific health considerations that not everyone possesses or desires."
Question,Q11,"Do you prefer working in urban areas rather than rural?",Stage2_Differentiator,,"Think about whether you value density, diversity, and cultural amenities versus space, quiet, and community. Urban and rural settings offer fundamentally different lifestyles beyond just your job."
Question,Q12,"Do you prefer having a private workspace rather than open/shared?",Stage2_Differentiator,,"Consider whether you need solitude to concentrate or enjoy the energy of shared spaces. Private offices support deep work and confidential conversations; open areas encourage collaboration."
Question,Q13,"Do you prefer working at a single location rather than multiple sites?",Stage2_Differentiator,,"Reflect on whether you value developing deep familiarity with one place versus experiencing variety across locations. Single locations build community; multiple sites offer diversity but complicate logistics."
Question,Q14,"Do you prefer physically active work over sedentary work?",Stage2_Differentiator,,"Consider whether you feel energized or drained by movement throughout your workday. Active work maintains fitness naturally but can exhaust; sedentary work preserves energy but requires separate exercise."
Question,Q15,"Do you prefer standing most of the day rather than sitting?",Stage2_Differentiator,,"Think about your body's comfort standing for extended periods versus sitting. Standing work engages muscles but stresses joints; sitting provides rest but can cause back problems over time."
Question,Q17,"Are you comfortable with regular heavy lifting?",Stage2_Differentiator,,"Consider your current strength and willingness to maintain it through physical labor. Heavy lifting provides exercise but risks injury and becomes harder with age or health changes."
Question,Q19,"Are you comfortable with exposure to chemicals, heights, or other hazards?",Stage2_Differentiator,,"Think about whether specific hazards align with your health concerns and family planning. Hazardous exposure may have long-term health effects requiring protective equipment and medical monitoring."
Question,Q20,"Do you prefer work requiring sustained physical endurance?",Stage2_Differentiator,,"Consider whether you enjoy pushing your cardiovascular limits or prefer conserving energy for after-work activities. Stamina-intensive work builds fitness but leaves less energy for hobbies and family."
Question,Q21,"Do you prefer work requiring exceptional visual acuity?",Stage2_Differentiator,,"Assess whether your eyesight is strong and whether you're comfortable with work demanding precise visual discrimination. Visual acuity naturally declines with age, limiting career longevity in vision-intensive roles."
Question,Q22,"Are you comfortable with highly repetitive physical motions?",Stage2_Differentiator,,"Reflect on whether you find rhythm in repetition or frustration in monotony. Repetitive work risks overuse injuries but allows mental relaxation; varied work engages attention but demands constant adjustment."
Question,Q23,"Do you prefer varied physical movements over routine ones?",Stage2_Differentiator,,"Consider whether you enjoy the challenge of different physical demands or prefer mastering specific motions. Varied movement prevents boredom and overuse but requires broader physical capabilities and learning."
Question,Q24,"Do you prefer working alone rather than in teams?",Stage2_Differentiator,,"Think about whether collaboration energizes or drains you. Solo work offers autonomy and uninterrupted focus but can feel isolating; teamwork provides social connection but requires coordination and compromise."
Question,Q25,"Do you prefer working with the public/customers directly?",Stage2_Differentiator,,"Reflect on whether you enjoy serving diverse people or find constant interaction exhausting. Public-facing work offers variety and direct impact but requires emotional resilience and dealing with difficult personalities."
Question,Q26,"Do you prefer supervising or managing others?",Stage2_Differentiator,,"Consider whether you want responsibility for others' performance and development. Management offers influence and advancement but involves difficult conversations, accountability for others' mistakes, and administrative burden."
Question,Q27,"Do you prefer highly collaborative work environments?",Stage2_Differentiator,,"Think about whether you thrive on collective problem-solving or prefer clear individual ownership. Collaboration harnesses diverse perspectives but requires consensus-building, meeting time, and sometimes compromising your vision."
Question,Q30,"Do you prefer one-on-one interactions over group settings?",Stage2_Differentiator,,"Consider whether you connect more deeply in individual conversations or draw energy from group dynamics. One-on-one work allows personalized attention but limits reach; groups amplify impact but dilute individual connection."
Question,Q31,"Do you prefer behind-the-scenes work over public-facing roles?",Stage2_Differentiator,,"Think about whether you value recognition and visibility or find satisfaction in quality work regardless of credit. Behind-the-scenes roles avoid performance pressure but may limit advancement and external reputation."
Question,Q32,"Are you comfortable working evening or night shifts?",Stage2_Differentiator,,"Consider how shift work would affect your sleep, health, and social life. Night shifts often pay premiums but disrupt circadian rhythms, family time, and social opportunities aligned with daytime schedules."
Question,Q33,"Do you prefer irregular or on-call schedules?",Stage2_Differentiator,,"Reflect on whether unpredictability energizes or stresses you. Irregular schedules offer flexibility and variety but complicate planning, childcare, and maintaining routines important to your wellbeing."
Question,Q34,"Are you comfortable with seasonal work?",Stage2_Differentiator,,"Think about managing income fluctuations and whether you have productive ways to spend off-seasons. Seasonal work offers intense focus periods and breaks but requires financial planning and alternative income sources."
Question,Q35,"Do you thrive under tight deadlines?",Stage2_Differentiator,,"Assess whether time pressure energizes your focus or triggers anxiety. Deadline-driven work suits those who procrastinate productively but exhausts those needing steady pacing and thorough planning."
Question,Q37,"Do you prefer short tasks over long-duration projects?",Stage2_Differentiator,,"Reflect on whether you crave frequent completion satisfaction or enjoy deep immersion in complex challenges. Short tasks provide variety and quick wins; long projects build expertise but delay gratification."
Question,Q38,"Do you prefer seeing immediate results from your work?",Stage2_Differentiator,,"Think about what sustains your motivation over time. Immediate results provide constant feedback and satisfaction but limit depth; delayed results require faith in long-term impact."
Question,Q39,"Do you prefer routine, procedural work?",Stage2_Differentiator,,"Consider whether predictability provides comfort or boredom. Routine work allows mastery and reliability but can feel monotonous; varied work stimulates learning but demands constant adaptation."
Question,Q40,"Do you prefer abstract thinking over concrete tasks?",Stage2_Differentiator,,"Assess whether you're energized by theoretical concepts or prefer tangible applications. Abstract work explores possibilities and principles but can feel disconnected; concrete work delivers visible results."
Question,Q41,"Do you prefer working with numbers and data?",Stage2_Differentiator,,"Reflect on whether you find clarity in numbers or prefer words and concepts. Quantitative work offers precision and objectivity but requires mathematical comfort; qualitative work captures nuance."
Question,Q43,"Do you prefer big-picture thinking over detail-oriented work?",Stage2_Differentiator,,"Consider whether you excel at strategy and vision or implementation and precision. Big-picture work influences direction but may lack concrete impact; detail work ensures quality but limits scope."
Question,Q44,"Do you prefer multi-tasking over deep focus on single tasks?",Stage2_Differentiator,,"Assess whether you thrive on variety and stimulation or prefer sustained concentration. Multi-tasking offers dynamic engagement but reduces depth; deep focus achieves mastery but can feel narrow."
Question,Q45,"Are you comfortable with extended training/learning periods?",Stage2_Differentiator,,"Reflect on your patience for skill development before full contribution. Extended training builds expertise and credentials but delays earnings and requires sustained commitment to master complex knowledge."
Question,Q46,"Do you prefer reference-based work over memorization?",Stage2_Differentiator,,"Think about whether you trust external resources or value internalized knowledge. Reference-based work acknowledges information volume but requires strong search skills; memorization enables rapid response."
Question,Q47,"Are you comfortable making high-stakes decisions?",Stage2_Differentiator,,"Consider whether you can manage the weight of decisions affecting many lives or large resources. High-stakes decision-making offers influence and compensation but brings stress, scrutiny, and accountability for serious consequences."
Question,Q49,"Do you prefer making rapid decisions over deliberate analysis?",Stage2_Differentiator,,"Think about whether time pressure sharpens or impairs your judgment. Rapid decisions suit crisis situations and fast-paced environments but increase error risk; deliberate analysis ensures thoroughness."
Question,Q50,"Are you comfortable with ambiguous situations without clear guidelines?",Stage2_Differentiator,,"Assess your tolerance for uncertainty and pioneering new approaches. Ambiguity allows creativity and innovation but causes anxiety for those preferring proven methods and clear expectations."
Question,Q51,"Do you prefer making individual decisions over consensus-based?",Stage2_Differentiator,,"Consider whether you trust your judgment more than group wisdom. Individual decisions move quickly and maintain vision but risk blind spots; consensus builds buy-in but dilutes clarity."
Question,Q52,"Do you prefer creating new procedures over following existing ones?",Stage2_Differentiator,,"Reflect on whether you're energized by innovation or find security in established systems. Creating procedures offers influence and improvement opportunities but requires convincing others; following them provides clarity."
Question,Q53,"Are you comfortable with emotionally intense work?",Stage2_Differentiator,,"Think honestly about your emotional resilience and capacity for compartmentalization. Emotionally intense work provides deep meaning and human connection but risks compassion fatigue, vicarious trauma, and difficulty maintaining boundaries."
Result,PD001,Aerospace Engineering & Systems,,I,"Aerospace engineers design aircraft, spacecraft, satellites, and defense systems. They solve complex aerodynamic challenges, ensure structural integrity under extreme conditions, integrate advanced propulsion and avionics systems, and push technological boundaries in flight and space exploration. Excellence requires mastering fluid dynamics, materials science, and systems integration while maintaining rigorous safety standards in high-stakes applications where failure is not an option."
Result,PD002,Agricultural Systems Engineering,,I,"Agricultural engineers design machinery, irrigation systems, and sustainable farming technologies. They optimize crop production through precision agriculture, develop efficient food processing systems, create solutions for soil and water conservation, and advance mechanization that feeds growing populations. Excellence requires combining engineering principles with agricultural science, understanding environmental impacts, and innovating practical solutions for real-world farming challenges."
Result,PD003,Biomedical Engineering & Innovation,,S,"Biomedical engineers create medical devices, prosthetics, imaging systems, and diagnostic equipment. They bridge engineering and medicine to solve healthcare challenges, navigate complex regulatory requirements, collaborate across disciplines, and translate laboratory innovations into clinical applications. Excellence requires technical expertise, understanding of human physiology, empathy for patient needs, and persistence through lengthy development and approval processes."
Result,PD004,Chemical Process Engineering,,I,"Chemical engineers design industrial processes for producing chemicals, pharmaceuticals, polymers, and energy. They optimize reaction conditions, ensure process safety, develop sustainable manufacturing methods, and scale laboratory discoveries to commercial production. Excellence requires mastering thermodynamics, kinetics, and transport phenomena while balancing efficiency, safety, environmental responsibility, and economic viability in complex industrial systems."
Result,PD005,Civil & Infrastructure Engineering,,I,"Civil engineers design and oversee construction of bridges, roads, buildings, dams, and water systems. They solve structural challenges, manage large-scale projects, ensure public safety through rigorous standards, and create infrastructure that serves communities for generations. Excellence requires technical expertise, project management skills, stakeholder collaboration, and commitment to sustainable development that balances engineering feasibility with social and environmental impacts."
Result,PD006,Computer Hardware Engineering,,I,"Computer hardware engineers design processors, circuit boards, memory systems, and computing devices. They push the boundaries of miniaturization and performance, solve thermal and power challenges, integrate complex electronic systems, and drive the evolution of computing technology. Excellence requires deep understanding of electronics, computer architecture, and manufacturing processes while innovating within physical and economic constraints."
Result,PD007,Electrical Engineering & Power Systems,,R,"Electrical engineers design power generation, transmission, distribution systems, and electronic devices. They ensure reliable electricity supply, develop renewable energy integration, create efficient electrical systems, and advance electrification technologies. Excellence requires mastering circuit analysis, electromagnetic theory, and power systems while solving complex problems in energy infrastructure that modern society depends on daily."
Result,PD008,Electronics Engineering & Design,,A,"Electronics engineers design integrated circuits, communication systems, control systems, and electronic devices. They miniaturize technology, optimize signal processing, develop embedded systems, and create the electronics powering modern life. Excellence requires expertise in semiconductors, digital and analog design, and system integration while innovating rapidly evolving technologies under strict performance and cost constraints."
Result,PD009,Environmental Engineering & Sustainability,,I,"Environmental engineers design systems for water treatment, air quality control, waste management, and pollution prevention. They protect public health and ecosystems, develop sustainable solutions, navigate environmental regulations, and remediate contaminated sites. Excellence requires combining engineering principles with environmental science, understanding complex regulatory frameworks, and creating practical solutions that balance environmental protection with economic feasibility."
Result,PD010,Industrial & Systems Engineering,,I,"Industrial engineers optimize complex systems, processes, and organizations for efficiency and quality. They design production systems, improve workflows, apply operations research, and integrate human factors with technology. Excellence requires systems thinking, analytical skills, and ability to see how components interact while creating solutions that improve productivity, reduce waste, and enhance overall organizational performance."
Result,PD011,Marine Engineering & Naval Architecture,,I,"Marine engineers design ships, submarines, offshore platforms, and marine propulsion systems. They solve challenges of buoyancy, stability, and propulsion in harsh ocean environments, integrate complex mechanical and electrical systems, and ensure vessel safety. Excellence requires understanding fluid dynamics, structural engineering, and maritime regulations while creating vessels that perform reliably in demanding conditions."
Result,PD012,Materials Science & Engineering,,I,"Materials engineers develop new materials and improve existing ones for specific applications. They understand atomic-level structure, design alloys and composites, optimize material properties, and solve manufacturing challenges. Excellence requires deep knowledge of chemistry, physics, and engineering while innovating materials that enable technological advances in aerospace, medicine, electronics, energy, and countless other fields."
Result,PD013,Mechanical Engineering & Design,,R,"Mechanical engineers design machines, engines, thermal systems, and mechanical devices. They apply principles of mechanics, thermodynamics, and materials science to solve practical problems, create innovative products, and improve existing systems. Excellence requires broad technical knowledge, creative problem-solving, hands-on prototyping skills, and ability to bring concepts from initial design through manufacturing to final product."
Result,PD014,Mining & Geological Engineering,,I,"Mining engineers design safe and efficient extraction of minerals and resources. They plan mine layouts, ensure worker safety, minimize environmental impacts, and optimize resource recovery. Excellence requires understanding geology, rock mechanics, and extraction technologies while balancing economic viability with safety and environmental stewardship in challenging subsurface conditions."
Result,PD015,Nuclear Engineering & Systems,,I,"Nuclear engineers design reactors, radiation systems, and nuclear fuel cycles. They ensure safety in high-consequence applications, develop advanced reactor designs, manage radioactive materials, and advance nuclear technology for power generation and medical applications. Excellence requires mastering nuclear physics, radiation protection, and complex safety systems while maintaining unwavering commitment to public safety."
Result,PD016,Petroleum Engineering & Energy,,I,"Petroleum engineers design methods for extracting oil and gas from underground reservoirs. They optimize drilling techniques, enhance reservoir recovery, develop offshore systems, and balance energy production with environmental considerations. Excellence requires understanding subsurface geology, fluid mechanics, and production economics while innovating extraction technologies that meet global energy demands."
Result,PD017,Robotics Engineering,,I,"Robotics engineers design autonomous systems, industrial robots, and human-robot interfaces. They integrate mechanical design, electronics, sensors, and artificial intelligence to create machines that perform complex tasks. Excellence requires interdisciplinary expertise, creative problem-solving, and ability to translate human needs into robotic capabilities while advancing automation that augments rather than simply replaces human work."
Result,PD018,Software Development & Engineering,,I,"Software developers create applications, systems, and platforms that power digital society. They solve complex logical problems, design scalable architectures, write efficient code, and continuously learn evolving technologies. Excellence requires analytical thinking, attention to detail, collaboration skills, and persistence through debugging while creating software that is reliable, maintainable, and truly serves user needs."
Result,PD019,Structural Engineering,,I,"Structural engineers design load-bearing systems for buildings, bridges, and infrastructure. They ensure structural safety, optimize material usage, analyze complex forces, and create designs that withstand earthquakes, wind, and other loads. Excellence requires mastering mechanics of materials, structural analysis, and building codes while balancing safety, aesthetics, and economy in designs that protect human life."
Result,PD020,Sustainable Energy Leadership,,E,"Sustainable energy leaders manage renewable energy projects, develop clean energy strategies, and drive the transition from fossil fuels. They navigate policy landscapes, secure financing, integrate new technologies into existing grids, and advance environmental goals. Excellence requires technical knowledge, business acumen, stakeholder management, and unwavering commitment to addressing climate change through practical energy solutions."
Result,PD021,Physics Research & Analysis,,I,"Physicists investigate fundamental laws of nature through theoretical analysis and experimental research. They explore quantum mechanics, relativity, particle physics, condensed matter, and cosmology. Excellence requires mathematical sophistication, experimental rigor, creative theoretical thinking, and persistence through years of research that advances human understanding of the physical universe."
Result,PD022,Chemistry Research & Analysis,,I,"Chemists study matter, chemical reactions, and molecular structures through laboratory research and analysis. They discover new compounds, develop synthetic methods, analyze chemical composition, and advance understanding of chemical processes. Excellence requires experimental skill, analytical thinking, attention to detail, and curiosity-driven persistence through meticulous research that expands chemical knowledge."
Result,PD023,Biological Research & Science,,I,"Biological scientists investigate living organisms, ecosystems, cellular processes, and evolution. They conduct experiments, analyze data, develop theories about life processes, and advance understanding of biological systems. Excellence requires observational skills, experimental design expertise, interdisciplinary thinking, and dedication to rigorous research that illuminates how life works at every scale."
Result,PD024,Geological & Earth Science,,A,"Geoscientists study Earth's composition, structure, processes, and history. They investigate rocks, minerals, fossils, earthquakes, volcanoes, and climate patterns. Excellence requires fieldwork stamina, analytical skills, spatial thinking, and patience for research that unfolds over geological timescales while providing crucial insights for resource management and hazard mitigation."
Result,PD025,Atmospheric & Space Science,,I,"Atmospheric scientists study weather, climate, and atmospheric phenomena. They analyze meteorological data, develop climate models, forecast weather patterns, and investigate atmospheric chemistry. Excellence requires mathematical modeling skills, understanding of fluid dynamics, ability to work with massive datasets, and commitment to research that improves weather prediction and climate understanding."
Result,PD026,Environmental Science & Research,,I,"Environmental scientists investigate ecosystems, pollution, climate change, and environmental health. They monitor environmental quality, assess impacts of human activities, develop conservation strategies, and inform environmental policy. Excellence requires interdisciplinary knowledge, fieldwork capabilities, data analysis skills, and dedication to research that protects environmental quality and public health."
Result,PD027,Oceanography & Marine Science,,I,"Oceanographers study ocean physics, chemistry, biology, and geology. They investigate ocean currents, marine ecosystems, seafloor processes, and ocean-atmosphere interactions. Excellence requires sea-going research skills, interdisciplinary thinking, advanced instrumentation expertise, and commitment to understanding oceans that cover most of Earth's surface and regulate global climate."
Result,PD028,Astronomy & Astrophysics,,I,"Astronomers study celestial objects, cosmic phenomena, and the universe's origin and evolution. They observe distant galaxies, analyze stellar processes, investigate dark matter and energy, and test cosmological theories. Excellence requires mathematical sophistication, observational skills, computational expertise, and wonder-driven persistence through research that expands understanding of the cosmos."
Result,PD029,Mathematical Research & Analysis,,I,"Mathematicians develop new mathematical theories, prove theorems, and apply mathematical methods to solve problems. They work in pure mathematics exploring abstract structures or applied mathematics addressing real-world challenges. Excellence requires logical rigor, creative insight, persistence through difficult proofs, and ability to see patterns and structures invisible to others."
Result,PD030,Statistical Analysis & Research,,I,"Statisticians design experiments, develop statistical models, analyze data, and draw valid conclusions from uncertainty. They advance statistical theory and apply statistical methods across science, business, and policy. Excellence requires mathematical skill, understanding of probability, critical thinking about inference, and ability to communicate complex statistical concepts to non-specialists."
Result,PD031,Data Science & Analytics,,I,"Data scientists extract insights from large datasets using statistics, machine learning, and computational methods. They build predictive models, identify patterns, communicate findings, and drive data-informed decisions. Excellence requires programming skills, statistical knowledge, business understanding, and ability to translate complex analyses into actionable recommendations while navigating ethical considerations of data use."
Result,PD032,Computer Science Research,,I,"Computer scientists advance fundamental knowledge of computation, algorithms, and information processing. They develop new algorithms, explore theoretical limits of computation, create novel programming paradigms, and push boundaries of what computers can do. Excellence requires mathematical rigor, algorithmic thinking, creativity in problem-solving, and persistence through challenging theoretical and practical problems."
Result,PD033,Medical Research & Science,,S,"Medical scientists investigate diseases, develop treatments, conduct clinical trials, and advance medical knowledge. They work in laboratories and clinical settings researching everything from molecular mechanisms to population health. Excellence requires scientific rigor, ethical integrity, collaboration across disciplines, and dedication to research that ultimately improves human health despite long timescales and frequent setbacks."
Result,PD034,Epidemiology & Public Health Research,,I,"Epidemiologists investigate disease patterns, risk factors, and health outcomes in populations. They design studies, analyze health data, track disease outbreaks, and inform public health policy. Excellence requires statistical expertise, understanding of disease processes, population-level thinking, and commitment to research that protects community health through evidence-based interventions."
Result,PD035,Neuroscience Research,,I,"Neuroscientists study the brain, nervous system, cognition, and behavior. They investigate neural circuits, brain chemistry, consciousness, and neurological disorders using advanced techniques from molecular biology to brain imaging. Excellence requires interdisciplinary knowledge, experimental sophistication, patience for complex research, and fascination with understanding the most complex object in the known universe."
Result,PD036,Genetics & Genomics Research,,I,"Geneticists study heredity, gene function, and genetic variation. They investigate DNA sequences, genetic disorders, evolutionary processes, and gene-environment interactions. Excellence requires molecular biology skills, computational abilities for genomic data analysis, ethical awareness of genetic information, and dedication to research advancing personalized medicine and evolutionary understanding."
Result,PD037,Biochemistry & Molecular Biology,,I,"Biochemists investigate chemical processes within living organisms at the molecular level. They study proteins, enzymes, metabolic pathways, and cellular mechanisms. Excellence requires chemistry expertise, laboratory skills, analytical thinking, and persistence through detailed research that reveals how life works at its most fundamental chemical level."
Result,PD038,Immunology Research,,I,"Immunologists study immune systems, infectious diseases, vaccines, and immune disorders. They investigate how bodies defend against pathogens, develop immunotherapies, and understand autoimmune conditions. Excellence requires deep biological knowledge, experimental skills, understanding of complex immune networks, and commitment to research that fights infectious diseases and cancer."
Result,PD039,Pharmacology & Drug Development,,I,"Pharmacologists study drug actions, develop new medications, and optimize therapeutic treatments. They investigate drug mechanisms, conduct preclinical testing, analyze drug metabolism, and advance pharmaceutical science. Excellence requires chemical and biological knowledge, rigorous testing protocols, understanding of regulatory requirements, and dedication to developing safe, effective medicines despite high failure rates."
Result,PD040,Microbiology & Infectious Disease,,I,"Microbiologists study bacteria, viruses, fungi, and parasites. They investigate microbial genetics, pathogenesis, antimicrobial resistance, and disease transmission. Excellence requires laboratory skills, aseptic technique, genomic analysis abilities, and commitment to research combating infectious diseases and understanding microorganisms' crucial roles in health and ecosystems."
Result,PD041,Psychological Research & Science,,I,"Research psychologists investigate cognition, emotion, behavior, and mental processes. They design experiments, analyze behavioral data, develop psychological theories, and advance understanding of human nature. Excellence requires experimental design skills, statistical expertise, ethical sensitivity, and curiosity-driven dedication to understanding what makes humans think, feel, and behave as they do."
Result,PD042,Sociology Research & Analysis,,I,"Sociologists study social behavior, institutions, inequality, and social change. They conduct surveys, analyze social patterns, develop sociological theories, and investigate how societies function. Excellence requires research methodology skills, critical thinking about social structures, cultural awareness, and commitment to understanding complex social phenomena that shape human lives."
Result,PD043,Economics Research & Analysis,,I,"Economists analyze production, distribution, and consumption of goods and services. They develop economic theories, study market behavior, forecast economic trends, and inform policy decisions. Excellence requires mathematical modeling skills, understanding of economic systems, ability to analyze complex data, and rigorous thinking about incentives and human behavior in economic contexts."
Result,PD044,Political Science Research,,I,"Political scientists study government, politics, public policy, and political behavior. They analyze political systems, voting patterns, international relations, and policy outcomes. Excellence requires analytical skills, understanding of political institutions, ability to gather and interpret political data, and commitment to rigorous research that informs understanding of power and governance."
Result,PD045,Anthropology & Archaeological Research,,I,"Anthropologists study human cultures, evolution, and diversity across time and space. They conduct fieldwork, excavate sites, analyze artifacts, and develop theories about human societies. Excellence requires cultural sensitivity, patience for detailed analysis, physical stamina for fieldwork, and fascination with understanding human diversity and our species' long history."
Result,PD046,Geography & Spatial Analysis,,I,"Geographers study spatial patterns, human-environment interactions, and place-based phenomena. They use GIS technology, conduct field research, analyze spatial data, and investigate relationships between people and places. Excellence requires spatial thinking skills, technological proficiency, interdisciplinary knowledge, and ability to see patterns across landscapes both physical and human."
Result,PD047,History Research & Scholarship,,I,"Historians investigate past events, analyze historical documents, interpret evidence, and construct narratives about human history. They work in archives, synthesize sources, challenge existing interpretations, and contribute to historical understanding. Excellence requires analytical skills, attention to detail, ability to evaluate source credibility, and dedication to rigorous research that illuminates how we got here."
Result,PD048,Linguistics Research,,I,"Linguists study language structure, evolution, acquisition, and use. They analyze phonetics, syntax, semantics, and pragmatics across languages and cultures. Excellence requires analytical precision, pattern recognition, fieldwork skills for documenting languages, and fascination with understanding humanity's most distinctive capability."
Result,PD049,AI & Machine Learning Engineering,,I,"AI engineers develop machine learning systems, neural networks, and artificial intelligence applications. They train models, optimize algorithms, deploy AI solutions, and advance capabilities of intelligent systems. Excellence requires programming expertise, mathematical understanding, creative problem-solving, and ethical awareness about AI's societal impacts while pushing boundaries of machine intelligence."
Result,PD050,Cybersecurity & Information Security,,I,"Cybersecurity professionals protect systems, networks, and data from digital threats. They identify vulnerabilities, respond to breaches, design security architectures, and stay ahead of evolving cyber threats. Excellence requires technical depth, adversarial thinking, continuous learning in rapidly changing threat landscape, and vigilance protecting critical systems that society depends on."
Result,PD051,Cloud Solutions Architecture,,I,"Cloud architects design scalable, reliable cloud infrastructure and services. They select appropriate technologies, optimize costs, ensure security, and enable organizations to leverage cloud computing. Excellence requires broad technical knowledge, understanding of distributed systems, business acumen, and ability to design solutions that balance performance, security, and cost."
Result,PD052,DevOps Engineering,,I,"DevOps engineers bridge software development and IT operations, automating deployment and infrastructure management. They create CI/CD pipelines, manage containerized applications, ensure system reliability, and enable rapid software delivery. Excellence requires programming skills, systems administration knowledge, automation mindset, and ability to optimize entire software development lifecycle."
Result,PD053,Blockchain Development,,I,"Blockchain developers create decentralized applications, smart contracts, and distributed ledger systems. They ensure security and consensus in trustless networks, optimize blockchain performance, and build applications leveraging distributed architecture. Excellence requires cryptography knowledge, distributed systems understanding, programming expertise, and innovative thinking about decentralized solutions."
Result,PD054,Quantum Computing Research,,I,"Quantum computing researchers develop quantum algorithms, build quantum systems, and advance quantum information science. They work at the frontier of physics and computer science solving problems beyond classical computation. Excellence requires quantum mechanics expertise, programming skills, mathematical sophistication, and persistence working with fragile quantum systems while envisioning revolutionary computational capabilities."
Result,PD055,Robotics & Autonomous Systems,,I,"Robotics engineers design robots and autonomous systems for manufacturing, exploration, healthcare, and service applications. They integrate sensors, actuators, control systems, and AI to create machines that act intelligently. Excellence requires mechanical design, programming, control theory, and interdisciplinary problem-solving while creating robots that safely interact with dynamic environments."
Result,PD056,Augmented & Virtual Reality Development,,I,"AR/VR developers create immersive digital experiences using spatial computing, 3D graphics, and sensory interfaces. They design user experiences, optimize performance, develop applications, and push boundaries of digital-physical integration. Excellence requires graphics programming, 3D design skills, understanding of human perception, and creativity envisioning new forms of human-computer interaction."
Result,PD057,Nanotechnology Engineering,,I,"Nanotechnology engineers manipulate matter at molecular scale to create new materials and devices. They design nanostructures, develop fabrication techniques, characterize nanomaterials, and apply nanotechnology to medicine, electronics, and energy. Excellence requires multidisciplinary knowledge, precision at invisible scales, specialized instrumentation skills, and vision for revolutionary applications of molecular engineering."
Result,PD058,Biotechnology Research & Development,,I,"Biotechnology researchers apply biological systems to develop products and technologies. They engineer organisms, develop biopharmaceuticals, create diagnostic tools, and advance synthetic biology. Excellence requires molecular biology expertise, interdisciplinary thinking, laboratory skills, and dedication to translating biological insights into practical applications improving health and sustainability."
Result,PD059,Renewable Energy Research,,I,"Renewable energy researchers advance solar, wind, hydroelectric, and other clean energy technologies. They improve efficiency, develop energy storage, overcome grid integration challenges, and innovate solutions to climate change. Excellence requires engineering knowledge, creative problem-solving, persistence through technological challenges, and commitment to developing sustainable energy systems."
Result,PD060,Space Technology & Engineering,,I,"Space engineers develop satellites, spacecraft, rockets, and space exploration systems. They solve challenges of zero gravity, extreme temperatures, radiation, and isolation while enabling scientific discovery and space commercialization. Excellence requires systems engineering, understanding of orbital mechanics, innovative problem-solving, and excitement about humanity's expansion into space."
Result,PD061,Drone & UAV Technology,,I,"Drone specialists design, program, and operate unmanned aerial vehicles for commercial, scientific, and creative applications. They develop autonomous flight systems, optimize sensors and payloads, ensure regulatory compliance, and apply drone technology to surveying, delivery, inspection, and media. Excellence requires aviation knowledge, programming skills, spatial awareness, and innovative thinking about aerial applications."
Result,PD062,3D Printing & Additive Manufacturing,,I,"3D printing specialists design for additive manufacturing, optimize printing processes, develop new materials and techniques, and apply 3D printing across industries. Excellence requires understanding of materials science, CAD skills, manufacturing knowledge, and creativity seeing how layer-by-layer fabrication enables designs impossible with traditional manufacturing."
Result,PD063,Autonomous Vehicle Engineering,,I,"Autonomous vehicle engineers develop self-driving cars using sensors, AI, and control systems. They ensure safety, navigate complex traffic scenarios, integrate hardware and software, and advance transportation automation. Excellence requires robotics knowledge, machine learning expertise, safety-first mindset, and persistence solving challenging perception and decision-making problems."
Result,PD064,Network Architecture & Design,,A,"Network architects design enterprise and telecommunications networks for performance, security, and scalability. They select technologies, plan network topology, solve connectivity challenges, and evolve networks to support growing demands. Excellence requires deep protocol knowledge, systems thinking, understanding of business needs, and ability to design robust networks supporting digital operations."
Result,PD065,Database Architecture & Design,,A,"Database architects design data storage, retrieval, and management systems supporting applications and analytics. They optimize performance, ensure data integrity, plan scalability, and create database solutions for complex data requirements. Excellence requires SQL expertise, understanding of database theory, performance optimization skills, and ability to translate business needs into efficient data architectures."
Result,PD066,Systems Analysis & IT Strategy,,I,"Systems analysts bridge business and technology, defining requirements and designing IT solutions for organizational needs. They gather requirements, evaluate technologies, optimize processes, and ensure systems deliver value. Excellence requires technical knowledge, business understanding, analytical thinking, and ability to translate business problems into effective technology solutions."
Result,PD067,Information Security Analysis,,I,"Information security analysts monitor networks, investigate incidents, implement security controls, and protect organizational assets from cyber threats. They analyze vulnerabilities, respond to breaches, ensure compliance, and maintain security posture. Excellence requires technical depth, threat awareness, analytical thinking, and dedication to protecting sensitive information despite persistent adversaries."
Result,PD068,UX Research & Design,,A,"UX researchers study user behavior, needs, and preferences to inform product design. They conduct user interviews, perform usability testing, analyze user data, and advocate for user-centered design. Excellence requires empathy, research methodology skills, analytical thinking, and ability to translate user insights into design recommendations that improve product experiences."
Result,PD069,Product Management & Strategy,,E,"Product managers define product vision, prioritize features, coordinate development teams, and drive product success. They balance user needs, business goals, and technical constraints while guiding products from conception to market. Excellence requires strategic thinking, communication skills, technical understanding, and ability to make decisions under uncertainty while championing products users love."
Result,PD070,Digital Marketing & SEO Strategy,,E,"Digital marketing strategists develop online marketing campaigns using SEO, content, social media, and analytics. They drive traffic, optimize conversion, analyze campaign performance, and navigate evolving digital platforms. Excellence requires analytical skills, creative thinking, technical knowledge of marketing tools, and adaptability in rapidly changing digital landscape."
Result,PD071,Social Media Strategy & Management,,A,"Social media strategists develop brand presence, engage audiences, create content, and manage communities across platforms. They analyze metrics, navigate platform algorithms, build authentic connections, and advance organizational goals through social media. Excellence requires communication skills, cultural awareness, analytical thinking, and authentic engagement while managing brand reputation in public digital spaces."
Result,PD072,Content Creation & Digital Media,,A,"Content creators produce videos, podcasts, written content, and multimedia for digital platforms. They develop creative concepts, engage audiences, build followings, and monetize content. Excellence requires creativity, technical production skills, understanding of platform dynamics, persistence building audiences, and authentic voice that resonates with viewers."
Result,PD073,E-commerce Management,,E,"E-commerce managers oversee online retail operations, optimize shopping experiences, manage digital storefronts, and drive online sales. They analyze customer behavior, coordinate logistics, test improvements, and navigate competitive online marketplace. Excellence requires business acumen, analytical skills, customer focus, and ability to optimize entire digital commerce experience."
Result,PD074,Growth Marketing & Strategy,,E,"Growth marketers drive user acquisition and retention through data-driven experiments and optimization. They test hypotheses, analyze conversion funnels, optimize onboarding, and scale growth. Excellence requires analytical mindset, creativity in experimentation, technical skills, and persistence finding growth levers while balancing short-term wins with sustainable growth."
Result,PD075,Brand Strategy & Development,,I,"Brand strategists develop brand positioning, messaging, and identity that resonates with target audiences. They conduct market research, define brand values, guide creative direction, and build brands that stand out. Excellence requires strategic thinking, cultural insight, communication skills, and ability to distill complex organizations into compelling, authentic brand narratives."
Result,PD076,User Experience Design,,A,"UX designers create intuitive, engaging interfaces for digital products and services. They design user flows, create wireframes and prototypes, collaborate with developers, and iterate based on feedback. Excellence requires design thinking, empathy for users, technical awareness, and dedication to crafting experiences that feel effortless while solving complex user needs."
Result,PD077,Visual Communication & Graphic Design,,A,"Graphic designers create visual content communicating ideas through typography, imagery, and layout. They design brands, publications, websites, and marketing materials. Excellence requires artistic skill, understanding of visual hierarchy, technical proficiency with design tools, and ability to communicate concepts through powerful, memorable visual design."
Result,PD078,Game Design & Development,,A,"Game designers create interactive entertainment experiences combining storytelling, mechanics, and technology. They design gameplay systems, balance difficulty, prototype ideas, and craft games players love. Excellence requires creative vision, understanding of player psychology, technical skills, and ability to iterate based on playtesting while creating genuinely fun experiences."
Result,PD079,Animation & Visual Effects,,I,"Animators and VFX artists create moving images for film, television, games, and digital media. They bring characters to life, create impossible visuals, and tell stories through motion. Excellence requires artistic skill, technical proficiency with animation software, understanding of physics and movement, and patience for frame-by-frame creation of believable motion."
Result,PD080,Film & Video Production,,A,"Film and video producers oversee creative projects from concept to final delivery. They manage budgets, coordinate crews, solve production challenges, and bring creative visions to reality. Excellence requires project management skills, creative judgment, problem-solving under pressure, and ability to manage complex productions while maintaining artistic quality."
Result,PD081,Photography & Visual Arts,,A,"Photographers create compelling images for artistic, commercial, and documentary purposes. They master technical aspects of cameras and lighting while developing artistic vision and understanding of composition. Excellence requires technical expertise, artistic eye, client management skills, and persistence building portfolio and reputation in competitive field."
Result,PD082,Music Production & Composition,,A,"Music producers and composers create original music, produce recordings, and craft sonic experiences. They understand music theory, master production technology, work with musicians, and develop distinctive sounds. Excellence requires musical talent, technical skill with production tools, creative vision, and ability to translate emotional concepts into powerful musical expressions."
Result,PD083,Sound Design & Audio Engineering,,A,"Sound designers and audio engineers create and manipulate audio for film, games, music, and media. They record, edit, mix, and master sound while solving acoustic challenges. Excellence requires technical expertise, artistic sensibility, understanding of psychoacoustics, and dedication to crafting audio that enhances visual media or stands alone."
Result,PD084,Writing & Professional Authorship,,A,"Writers create novels, non-fiction, scripts, articles, and other written works. They develop ideas, craft narratives, revise endlessly, and communicate through written word. Excellence requires mastery of language, storytelling ability, discipline for solitary work, persistence through rejection, and authentic voice that connects with readers."
Result,PD085,Journalism & News Reporting,,I,"Journalists investigate stories, report news, and inform the public about events and issues. They pursue truth, verify facts, interview sources, and communicate clearly under deadlines. Excellence requires curiosity, skepticism, ethical integrity, courage asking tough questions, and dedication to factual reporting serving public's right to know."
Result,PD086,Technical Writing & Documentation,,A,"Technical writers create clear documentation, manuals, and instructional content for complex products and processes. They translate technical information for diverse audiences, organize information logically, and ensure accuracy. Excellence requires writing skill, ability to understand complex topics, attention to detail, and empathy for users needing clear guidance."
Result,PD087,Editing & Publishing,,I,"Editors refine written content, manage publications, and guide works to publication. They improve clarity, ensure quality, make publishing decisions, and collaborate with writers. Excellence requires language mastery, critical judgment, diplomatic feedback skills, and dedication to publishing quality work that serves readers."
Result,PD088,Translation & Interpretation,,I,"Translators and interpreters bridge languages, enabling communication across linguistic boundaries. They convert written texts or spoken words while preserving meaning, tone, and nuance. Excellence requires deep knowledge of multiple languages, cultural understanding, quick thinking for interpretation, and dedication to accurate communication across cultures."
Result,PD089,Architecture & Design,,A,"Architects design buildings and spaces that serve human needs while creating beauty and meaning. They balance function, aesthetics, structure, and sustainability while navigating codes and client desires. Excellence requires creative vision, technical knowledge, collaborative skills, and ability to see projects through from initial concept to completed construction."
Result,PD090,Landscape Architecture,,I,"Landscape architects design outdoor spaces, parks, campuses, and urban landscapes. They integrate plants, landforms, water, and structures while considering ecology and use. Excellence requires design skill, plant knowledge, understanding of ecological processes, and vision for creating meaningful outdoor environments that enhance human experience."
Result,PD091,Interior Design & Space Planning,,A,"Interior designers create functional, beautiful interior spaces. They select materials, plan layouts, specify furnishings, and create environments supporting activities and wellbeing. Excellence requires design sense, spatial reasoning, knowledge of materials and building systems, and ability to translate client needs into realized spaces."
Result,PD092,Urban Planning & Regional Development,,I,"Urban planners shape cities and regions through land use planning, zoning, and development policy. They balance competing interests, envision community futures, analyze demographic trends, and create plans guiding growth. Excellence requires systems thinking, stakeholder engagement skills, understanding of urban dynamics, and commitment to creating livable, sustainable communities."
Result,PD093,Fashion Design & Apparel,,A,"Fashion designers create clothing and accessories that express style, serve function, and reflect culture. They sketch designs, select fabrics, oversee production, and anticipate trends. Excellence requires creativity, technical skill in pattern-making and construction, understanding of human body and movement, and ability to balance artistic vision with commercial reality."
Result,PD094,Industrial Product Design,,A,"Industrial designers create consumer products combining function, aesthetics, and manufacturability. They sketch concepts, build prototypes, consider user experience, and collaborate with engineers. Excellence requires creative thinking, understanding of materials and manufacturing, user empathy, and ability to design products people love using daily."
Result,PD095,Creative Direction & Visual Strategy,,A,"Creative directors lead creative teams, develop visual concepts, and guide brand aesthetics. They make high-level creative decisions, inspire teams, ensure quality, and translate strategic objectives into compelling creative work. Excellence requires artistic vision, leadership skills, business understanding, and ability to elevate creative work while managing teams and clients."
Result,PD096,Exhibition & Experience Design,,A,"Exhibition designers create immersive environments for museums, trade shows, and interactive spaces. They integrate graphics, objects, media, and spatial design to communicate stories and engage visitors. Excellence requires interdisciplinary thinking, understanding of visitor behavior, spatial design skills, and ability to create memorable experiences through environmental storytelling."
Result,PD097,Set Design & Theatrical Production,,A,"Set designers create physical environments for theater, film, and television. They visualize scripts, design spaces, collaborate with directors, and realize environments that support storytelling. Excellence requires artistic vision, technical knowledge of construction and stagecraft, collaborative skills, and ability to design practical sets within budget constraints."
Result,PD098,Lighting Design,,A,"Lighting designers create illumination for architecture, theater, events, and environments. They understand light quality, color, and shadow while creating functional and emotional experiences. Excellence requires technical knowledge of lighting systems, artistic sensibility, understanding of human perception, and ability to shape spaces and moods through light."
Result,PD099,Performing Arts & Theater,,A,"Performing artists bring characters and stories to life through theater, dance, and live performance. They master techniques, interpret roles, collaborate with directors and fellow performers, and connect with audiences. Excellence requires talent, rigorous training, emotional intelligence, vulnerability in performance, and persistence through competitive field requiring constant auditions."
Result,PD100,Dance & Choreography,,A,"Dancers and choreographers create movement-based art and expression. They train bodies, develop original choreography, interpret music through movement, and communicate without words. Excellence requires physical discipline, artistic creativity, musicality, and dedication to demanding art form requiring years of training and ongoing physical conditioning."
Result,PD101,Music Performance,,A,"Musicians perform music as instrumentalists or vocalists, interpreting compositions and entertaining audiences. They master instruments, understand music theory, collaborate in ensembles, and express emotion through sound. Excellence requires musical talent, years of dedicated practice, performance confidence, and ability to connect with audiences while maintaining technical precision."
Result,PD102,Conducting & Musical Direction,,A,"Conductors lead orchestras, choirs, and ensembles, interpreting scores and unifying performers. They study compositions deeply, communicate musical vision, manage rehearsals, and shape live performances. Excellence requires musical knowledge, leadership skills, interpretive insight, and ability to inspire dozens of musicians to perform as one."
Result,PD103,Professional Athletics,,I,"Professional athletes compete at elite levels in sports, entertaining audiences and pushing human physical limits. They train rigorously, perform under pressure, maintain peak fitness, and inspire fans. Excellence requires exceptional physical talent, mental toughness, discipline through grueling training, and ability to perform when everything is on the line."
Result,PD104,Coaching & Athletic Development,,I,"Coaches develop athletes' skills, strategy, and mental approach to competition. They design training programs, analyze performance, manipulate athletes, and guide competitive success. Excellence requires sport expertise, teaching ability, psychological insight, and dedication to developing athletes while balancing competition pressure with long-term development."
Result,PD105,Sports Medicine & Performance,,A,"Sports medicine professionals prevent and treat athletic injuries while optimizing performance. They understand biomechanics, rehabilitation, and human performance. Excellence requires medical knowledge, understanding of athletic demands, hands-on treatment skills, and commitment to keeping athletes healthy and performing at peak levels."
Result,PD106,General Medicine & Internal Medicine,,I,"Physicians diagnose and treat diseases, manage chronic conditions, and serve as primary care providers. They apply medical knowledge, make complex clinical decisions, coordinate care, and build healing relationships with patients. Excellence requires deep medical knowledge, diagnostic thinking, empathy, and dedication to patients' wellbeing despite long hours and emotional demands."
Result,PD107,Family Medicine Practice,,I,"Family physicians provide comprehensive care across all ages and conditions, serving as personal physicians to families. They diagnose common illnesses, manage chronic diseases, perform procedures, and coordinate specialist care. Excellence requires broad medical knowledge, relationship skills, community commitment, and ability to address full spectrum of patient needs."
Result,PD108,Pediatric Medicine,,I,"Pediatricians care for infants, children, and adolescents, addressing unique health needs of young patients. They monitor development, treat childhood illnesses, provide anticipatory guidance, and partner with families. Excellence requires medical expertise, communication skills for young patients and parents, patience, and genuine love for children's wellbeing."
Result,PD109,Surgical Medicine - General Surgery,,I,"General surgeons perform operations treating diseases, injuries, and deformities through invasive procedures. They make split-second decisions, master technical skills, manage complications, and restore health through surgery. Excellence requires manual dexterity, anatomical knowledge, composure under pressure, and acceptance of demanding career with life-or-death responsibility."
Result,PD110,Surgical Medicine - Neurosurgery,,I,"Neurosurgeons operate on brain, spine, and nervous system, treating tumors, trauma, and neurological disorders. They perform microsurgery on delicate neural tissue where millimeter precision determines outcomes. Excellence requires exceptional technical skill, deep neurological knowledge, steady hands, and mental resilience for high-stakes surgeries where outcomes profoundly impact lives."
Result,PD111,Surgical Medicine - Cardiothoracic,,I,"Cardiothoracic surgeons operate on heart, lungs, and chest, performing open-heart surgery and transplants. They work with perfusionists managing life support while repairing or replacing vital organs. Excellence requires technical mastery, physiological knowledge, team leadership, and composure operating on beating hearts where mistakes are catastrophic."
Result,PD112,Surgical Medicine - Orthopedic,,I,"Orthopedic surgeons repair bones, joints, ligaments, and musculoskeletal system through surgery and non-surgical treatment. They perform joint replacements, fix fractures, and restore mobility. Excellence requires understanding of biomechanics, technical surgical skills, problem-solving with complex injuries, and commitment to restoring patients' physical function."
Result,PD113,Surgical Medicine - Plastic & Reconstructive,,I,"Plastic surgeons reconstruct bodies after trauma, disease, or congenital conditions and perform aesthetic procedures. They combine technical skill with artistic eye, restoring form and function. Excellence requires surgical precision, aesthetic sense, empathy for patients' self-image concerns, and ability to deliver results matching patients' hopes."
Result,PD114,Emergency Medicine Practice,,I,"Emergency physicians diagnose and stabilize acute illnesses and injuries in emergency departments. They make rapid decisions with incomplete information, manage multiple critical patients simultaneously, and save lives. Excellence requires broad medical knowledge, ability to think and act under extreme pressure, stamina for shift work, and comfort with constant high-stakes uncertainty."
Result,PD115,Cardiology Practice,,I,"Cardiologists diagnose and treat heart disease using medications, procedures, and lifestyle interventions. They interpret tests, perform cardiac catheterizations, manage heart failure, and prevent cardiovascular events. Excellence requires deep cardiovascular knowledge, procedural skills, long-term patient relationships, and commitment to the leading cause of death in developed nations."
Result,PD116,Oncology & Cancer Care,,S,"Oncologists treat cancer through chemotherapy, immunotherapy, and coordinated care with surgeons and radiation oncologists. They deliver difficult news, manage complex treatments, support patients through illness, and advance against cancer. Excellence requires medical expertise, emotional strength, communication skills for devastating diagnoses, and dedication despite frequent heartbreak."
Result,PD117,Psychiatry & Mental Health Medicine,,I,"Psychiatrists diagnose and treat mental illnesses using medications, therapy, and other interventions. They address depression, anxiety, psychosis, and other mental health conditions medically. Excellence requires understanding of brain and mind, empathy for suffering often invisible to others, patience for gradual progress, and commitment to patients society often stigmatizes."
Result,PD118,Anesthesiology Practice,,I,"Anesthesiologists manage pain and consciousness during surgery, ensuring patient safety through anesthesia. They monitor vital signs, adjust medications in real-time, and prevent surgical awareness. Excellence requires physiological knowledge, vigilance throughout procedures, calm crisis management, and acceptance that perfect outcomes are expected but complications can be devastating."
Result,PD119,Radiology & Diagnostic Imaging,,I,"Radiologists interpret medical images—X-rays, CT, MRI, ultrasound—diagnosing diseases and guiding treatment. They see what others cannot, detect subtle abnormalities, and provide crucial diagnostic information. Excellence requires visual pattern recognition, deep anatomical knowledge, attention to detail, and comfort with influential diagnostic role while rarely meeting patients."
Result,PD120,Pathology & Laboratory Medicine,,I,"Pathologists diagnose diseases by examining tissues, cells, and body fluids. They perform autopsies, interpret biopsies, oversee clinical laboratories, and provide definitive diagnoses. Excellence requires microscopic expertise, analytical thinking, broad disease knowledge, and comfort with behind-scenes role making diagnoses that guide treatment despite limited patient contact."
Result,PD121,Dermatology Practice,,I,"Dermatologists diagnose and treat skin, hair, and nail conditions ranging from acne to skin cancer. They perform biopsies, prescribe medications, remove lesions, and address cosmetic concerns. Excellence requires visual diagnostic skill, procedural expertise, patient communication about visible conditions, and balance between medical and cosmetic dermatology."
Result,PD122,Neurology Practice,,I,"Neurologists diagnose and manage brain and nervous system disorders like stroke, epilepsy, and Parkinson's disease. They perform detailed neurological exams, interpret diagnostic tests, and manage complex chronic conditions. Excellence requires deep neurological knowledge, diagnostic reasoning, patient communication about often-progressive conditions, and commitment to patients with challenging diseases."
Result,PD123,Obstetrics & Gynecology,,I,"OB/GYNs provide reproductive healthcare, deliver babies, perform gynecological surgery, and manage women's health across lifespan. They build long-term relationships, share joyful moments and losses, and address sensitive health issues. Excellence requires surgical skills, obstetric expertise, relationship-building, and dedication to women's health through life stages."
Result,PD124,Ophthalmology & Vision Care,,S,"Ophthalmologists diagnose eye diseases, perform eye surgery, and preserve vision. They treat cataracts, glaucoma, retinal conditions, and perform laser and microsurgical procedures. Excellence requires surgical precision on delicate ocular structures, understanding of complex visual system, and commitment to preserving precious sense of sight."
Result,PD125,Urology Practice,,I,"Urologists treat urinary tract and male reproductive system conditions through medical and surgical approaches. They perform prostate surgery, treat kidney stones, manage incontinence, and address cancers. Excellence requires surgical skill, understanding of complex anatomy, patient communication about sensitive issues, and versatility across medical and surgical treatment."
Result,PD126,Gastroenterology Practice,,I,"Gastroenterologists diagnose and treat digestive system disorders using endoscopy, medications, and lifestyle interventions. They perform colonoscopies, treat inflammatory bowel disease, manage liver disease, and screen for cancers. Excellence requires procedural expertise, understanding of complex digestive physiology, long-term patient management, and comfort with organ system affecting quality of life."
Result,PD127,Endocrinology Practice,,I,"Endocrinologists treat hormone disorders—diabetes, thyroid disease, metabolic conditions. They manage complex medication regimens, adjust hormones, and address system-wide effects. Excellence requires understanding of intricate endocrine physiology, patience for long-term management, analytical skills balancing multiple hormones, and commitment to conditions requiring lifelong care."
Result,PD128,Rheumatology Practice,,I,"Rheumatologists treat autoimmune and inflammatory joint diseases like rheumatoid arthritis and lupus. They use complex medications, coordinate multidisciplinary care, and manage chronic painful conditions. Excellence requires immunology knowledge, diagnostic skills for puzzling conditions, long-term patient relationships, and dedication to patients with often-invisible suffering."
Result,PD129,Infectious Disease Medicine,,I,"Infectious disease physicians diagnose complex infections, manage antimicrobial therapy, and address HIV, tuberculosis, and emerging diseases. They serve as consultants on difficult cases and guide antibiotic stewardship. Excellence requires broad microbiology knowledge, detective work on mysterious infections, understanding of antimicrobial resistance, and readiness for new infectious threats."
Result,PD130,Palliative Care & Hospice Medicine,,S,"Palliative care physicians manage symptoms and improve quality of life for patients with serious illnesses. They address pain, coordinate care, facilitate difficult conversations, and support dying patients and families. Excellence requires clinical expertise, exceptional communication skills, emotional strength, and commitment to dignity and comfort when cure is not possible."
Result,PD131,Physical Medicine & Rehabilitation,,I,"PM&R physicians help patients recover function after injury, illness, or disability. They coordinate rehabilitation, manage pain, prescribe therapy, and restore independence. Excellence requires understanding of disability, creativity in rehabilitation approaches, patience for gradual progress, and dedication to helping patients reclaim lives after devastating events."
Result,PD132,Addiction Medicine Practice,,I,"Addiction medicine physicians treat substance use disorders through medications, counseling, and comprehensive care. They prescribe addiction medications, address underlying causes, and support recovery. Excellence requires non-judgmental approach, understanding of addiction as medical condition, persistence through relapses, and commitment to patients society often blames rather than treats."
Result,PD133,Critical Care & Intensive Medicine,,S,"Intensivists manage critically ill patients in ICUs, coordinating complex care for life-threatening conditions. They make rapid decisions, operate advanced life support, communicate with devastated families, and save lives on the edge. Excellence requires broad medical knowledge, crisis management skills, team leadership, and emotional resilience through constant life-and-death stakes."
Result,PD134,Hospitalist Medicine,,I,"Hospitalists care for hospitalized patients, coordinating inpatient care from admission to discharge. They manage acute illnesses, communicate with specialists, ensure quality transitions, and improve hospital outcomes. Excellence requires broad medical knowledge, efficiency managing multiple patients, communication skills across care teams, and comfort with fast-paced hospital environment."
Result,PD135,Sports Medicine Physicians,,S,"Sports medicine physicians treat athletic injuries and optimize performance through medical care, injury prevention, and return-to-play decisions. They understand sports demands, perform procedures, advise athletes, and balance performance with health. Excellence requires medical knowledge, understanding of athletic psychology, communication with competitive personalities, and commitment to athletes' wellbeing and careers."
Result,PD136,Geriatric Medicine,,I,"Geriatricians specialize in healthcare for older adults, managing multiple chronic conditions and addressing aging-related needs. They optimize medications, prevent falls, support independence, and provide care reflecting older patients' goals. Excellence requires medical knowledge of aging, patience for complex patients, communication with patients and families, and commitment to quality of life in final years."
Result,PD137,Sleep Medicine Practice,,I,"Sleep medicine physicians diagnose and treat sleep disorders like sleep apnea, insomnia, and narcolepsy. They interpret sleep studies, prescribe treatments, and improve sleep health. Excellence requires understanding of sleep physiology, interpretation of complex sleep data, patient education about often-dismissed conditions, and dedication to underappreciated determinant of health."
Result,PD138,Neonatal Medicine & Intensive Care,,S,"Neonatologists care for premature and critically ill newborns in NICUs. They manage respiratory distress, birth complications, and extreme prematurity with advanced technology and gentle care. Excellence requires expertise in vulnerable patients, comfort with uncertainty, communication with terrified parents, and dedication to giving the smallest patients their best start."
Result,PD139,Genetic Medicine & Counseling,,S,"Medical geneticists diagnose genetic conditions, interpret genetic tests, and provide genetic counseling. They work with rare diseases, advise on hereditary risks, and apply genomic medicine. Excellence requires genetics knowledge, diagnostic reasoning for rare conditions, counseling skills for complex information, and ethical sensitivity about genetic information affecting families."
Result,PD140,Preventive Medicine & Public Health,,I,"Preventive medicine physicians focus on disease prevention and population health. They design prevention programs, analyze health data, develop policies, and address social determinants of health. Excellence requires population thinking, understanding of epidemiology, systems perspective, and commitment to preventing disease rather than just treating it."
Result,PD141,Nursing Practice - Registered Nurses,,S,"Registered nurses provide patient care, administer treatments, monitor conditions, and serve as patient advocates. They work across specialties, coordinate care, educate patients, and spend the most time with patients. Excellence requires clinical skills, critical thinking, compassion, stamina for physically and emotionally demanding work, and dedication to patients during vulnerable moments."
Result,PD142,Advanced Nursing Practice - Nurse Practitioners,,S,"Nurse practitioners diagnose conditions, prescribe medications, and provide primary and specialty care with physician-level autonomy. They combine nursing's holistic approach with medical diagnosis and treatment. Excellence requires advanced clinical knowledge, independent decision-making, collaborative skills, and commitment to accessible, patient-centered care."
Result,PD143,Advanced Nursing Practice - Nurse Anesthetists,,S,"Nurse anesthetists administer anesthesia for surgery and procedures, managing patients from pre-operative assessment through recovery. They work independently or with anesthesiologists ensuring safe anesthesia care. Excellence requires physiological knowledge, vigilance, crisis management, and comfort with high-stakes responsibility for unconscious patients."
Result,PD144,Nurse Midwifery Practice,,I,"Nurse-midwives provide prenatal care, deliver babies, and offer women's healthcare with emphasis on natural childbirth and patient empowerment. They attend births, manage normal pregnancies, and provide holistic care. Excellence requires midwifery skills, patience for labor's unpredictability, comfort with uncertainty, and dedication to women-centered maternity care."
Result,PD145,Physician Assistant Practice,,S,"Physician assistants diagnose illnesses, develop treatment plans, prescribe medications, and provide care under physician supervision. They work across specialties, extend access to care, and function semi-independently. Excellence requires medical knowledge, clinical reasoning, versatility across specialties, and commitment to collaborative practice delivering quality care."
Result,PD146,Pharmacy & Pharmaceutical Practice,,I,"Pharmacists dispense medications, counsel patients, monitor drug therapy, and ensure safe medication use. They catch drug interactions, optimize regimens, provide immunizations, and serve as medication experts. Excellence requires pharmacology knowledge, attention to detail catching errors, patient counseling skills, and dedication to medication safety protecting patients."
Result,PD147,Physical Therapy Practice,,S,"Physical therapists help patients recover movement and function after injury, surgery, or illness through therapeutic exercise and manual therapy. They assess movement, design treatment plans, and restore physical abilities. Excellence requires anatomical knowledge, manual skills, creativity designing interventions, and patience guiding difficult rehabilitations."
Result,PD148,Occupational Therapy Practice,,S,"Occupational therapists help patients develop or recover skills for daily living and work activities. They adapt environments, teach compensatory strategies, and restore independence. Excellence requires holistic thinking about activity, creative problem-solving, empathy for disability's impact, and dedication to helping patients reclaim meaningful activities."
Result,PD149,Speech-Language Pathology,,I,"Speech-language pathologists diagnose and treat communication and swallowing disorders. They work with stroke survivors, children with delays, and patients with voice problems. Excellence requires understanding of speech production, diagnostic skills, patience for gradual progress, and commitment to restoring fundamental human capacity to communicate."
Result,PD150,Respiratory Therapy Practice,,S,"Respiratory therapists manage breathing treatments, ventilators, and oxygen therapy for patients with respiratory conditions. They support breathing during crises, wean patients from ventilators, and manage chronic lung disease. Excellence requires respiratory physiology knowledge, mechanical ventilation expertise, quick thinking in respiratory crises, and dedication to patients struggling to breathe."
Result,PD151,Radiation Therapy Practice,,S,"Radiation therapists deliver precise radiation treatments for cancer, operating complex equipment and positioning patients. They administer daily treatments, ensure accuracy, support patients through side effects, and contribute to cancer care teams. Excellence requires technical precision, compassion for cancer patients, attention to detail, and dedication to delivering life-saving treatment."
Result,PD152,Medical Laboratory Science,,S,"Medical laboratory scientists perform tests analyzing blood, tissues, and body fluids to diagnose disease. They operate complex equipment, ensure quality, and provide data physicians depend on. Excellence requires analytical skills, attention to detail, understanding of pathology, and dedication to accuracy in diagnostic work patients never see but depend on."
Result,PD153,Diagnostic Medical Sonography,,S,"Diagnostic medical sonographers perform ultrasound examinations, capturing images for diagnosing medical conditions. They operate ultrasound equipment, understand anatomy, and identify abnormalities. Excellence requires technical skill, anatomical knowledge, patient interaction, and comfort with diagnostic role providing crucial information while easing anxious patients."
Result,PD154,Radiologic Technology,,I,"Radiologic technologists perform X-rays, CT scans, and fluoroscopy procedures, capturing diagnostic images safely. They position patients, operate equipment, ensure quality images, and minimize radiation exposure. Excellence requires technical expertise, patient communication, attention to radiation safety, and dedication to quality imaging crucial for diagnosis."
Result,PD155,Surgical Technology,,I,"Surgical technologists prepare operating rooms, maintain sterile fields, and assist surgeons during procedures. They anticipate instruments, ensure counts are correct, and contribute to surgical teams. Excellence requires knowledge of procedures, attention to sterility, ability to anticipate needs, and composure in high-pressure OR environment."
Result,PD156,Dental Practice & Oral Health,,I,"Dentists diagnose and treat oral health conditions, perform procedures, and promote dental health. They fill cavities, extract teeth, treat gum disease, and educate about oral hygiene. Excellence requires manual dexterity, patient management of anxious patients, business skills for private practice, and commitment to oral health affecting overall wellbeing."
Result,PD157,Dental Hygiene Practice,,I,"Dental hygienists clean teeth, take X-rays, apply preventive treatments, and educate patients about oral health. They screen for oral diseases, document findings, and provide preventive care. Excellence requires technical skills, patient education abilities, attention to detail, and dedication to preventive care keeping people's smiles healthy."
Result,PD158,Orthodontic Practice,,I,"Orthodontists straighten teeth and correct bites using braces, aligners, and other appliances. They diagnose malocclusions, plan treatments, and create beautiful, functional smiles. Excellence requires spatial reasoning, technical skill, artistic eye, and patience for treatments spanning years as patients transform."
Result,PD159,Veterinary Medicine,,I,"Veterinarians diagnose and treat animal diseases, perform surgery, and promote animal health. They work with species from pets to livestock to wildlife, advocating for patients who cannot speak. Excellence requires medical knowledge across species, diagnostic creativity, communication with worried owners, and love for animals driving career of healing."
Result,PD160,Optometry & Vision Care,,S,"Optometrists examine eyes, prescribe corrective lenses, diagnose eye conditions, and manage vision care. They test vision, detect diseases, fit contacts, and serve as primary vision care providers. Excellence requires understanding of visual system, diagnostic skills, patient interaction, and dedication to preserving and improving sight."
Result,PD161,Podiatric Medicine,,I,"Podiatrists diagnose and treat foot, ankle, and lower leg conditions through medical and surgical approaches. They manage diabetes complications, treat injuries, perform surgery, and keep people mobile. Excellence requires surgical skills, understanding of biomechanics, patient communication, and dedication to often-overlooked part of body crucial for mobility."
Result,PD162,Chiropractic Medicine,,I,"Chiropractors treat musculoskeletal conditions through spinal manipulation and other therapies. They address back pain, headaches, and joint problems with hands-on adjustments. Excellence requires understanding of biomechanics, manual skills, patient relationships, and commitment to drug-free approaches helping patients with pain."
Result,PD163,Acupuncture & Traditional Medicine,,I,"Acupuncturists treat conditions by inserting needles at specific points based on traditional Chinese medicine. They address pain, stress, and various conditions with ancient techniques. Excellence requires traditional medical knowledge, technical skill, patient rapport, and bridging traditional and modern medicine while providing complementary care."
Result,PD164,Massage Therapy & Bodywork,,S,"Massage therapists manipulate soft tissues to relieve pain, reduce stress, and promote wellness. They use various techniques, understand anatomy, and provide therapeutic touch. Excellence requires understanding of musculoskeletal system, hand strength and stamina, empathy for patients in pain, and dedication to healing through manual therapy."
Result,PD165,Nutrition & Dietetics Practice,,I,"Dietitians assess nutrition, develop meal plans, and provide nutrition counseling for health conditions and wellness. They translate nutritional science into practical guidance, work in clinical and community settings, and promote health through food. Excellence requires nutritional knowledge, counseling skills, cultural awareness about food, and dedication to often-underappreciated determinant of health."
Result,PD166,Mental Health Counseling,,S,"Mental health counselors provide therapy for emotional, behavioral, and mental health issues. They use evidence-based techniques, build therapeutic relationships, and support clients through challenges. Excellence requires empathy, clinical skills, emotional boundaries, and dedication to clients' mental health despite emotionally demanding work."
Result,PD167,Clinical Psychology & Psychotherapy,,S,"Clinical psychologists assess and treat mental illness, emotional problems, and behavioral issues through therapy and psychological testing. They use various therapeutic approaches, conduct assessments, and help clients understand themselves. Excellence requires psychological knowledge, therapeutic skills, patience for gradual change, and comfort sitting with others' emotional pain."
Result,PD168,Marriage & Family Therapy,,S,"Marriage and family therapists help couples and families improve relationships and resolve conflicts. They work with relationship dynamics, facilitate communication, and address family systems. Excellence requires systems thinking, conflict mediation skills, cultural sensitivity about family, and dedication to preserving and healing important relationships."
Result,PD169,School Psychology & Counseling,,S,"School psychologists support students' academic achievement, behavior, and mental health in educational settings. They assess learning issues, provide counseling, consult with teachers, and create supportive school environments. Excellence requires psychology knowledge, understanding of child development, collaboration with educators, and commitment to helping children succeed in school."
Result,PD170,Social Work Practice,,S,"Social workers help individuals, families, and communities cope with challenges and access resources. They provide counseling, connect clients to services, advocate for vulnerable populations, and address social problems. Excellence requires empathy, knowledge of social services, resilience through difficult cases, and dedication to helping society's most vulnerable."
Result,PD171,Substance Abuse & Addiction Counseling,,S,"Addiction counselors help individuals overcome substance use disorders through counseling, support, and treatment planning. They facilitate recovery, address underlying issues, and support sobriety. Excellence requires non-judgmental approach, understanding of addiction, patience through relapses, and commitment to clients fighting powerful diseases society often stigmatizes."
Result,PD172,Rehabilitation Counseling,,S,"Rehabilitation counselors help people with disabilities achieve independence and employment. They assess abilities, develop plans, coordinate services, and advocate for clients. Excellence requires knowledge of disability, vocational expertise, empowerment mindset, and dedication to helping people with disabilities live full lives."
Result,PD173,Career Counseling & Development,,S,"Career counselors help people explore careers, develop job skills, and navigate career transitions. They assess interests, provide guidance, facilitate decision-making, and support professional development. Excellence requires knowledge of careers and labor markets, counseling skills, understanding of human development, and dedication to helping people find meaningful work."
Result,PD174,Life Coaching & Personal Development,,I,"Life coaches help clients set goals, overcome obstacles, and achieve personal and professional aspirations. They ask powerful questions, provide accountability, and facilitate growth. Excellence requires listening skills, ability to inspire, understanding of human motivation, and genuine investment in clients' success and transformation."
Result,PD175,Executive Coaching & Leadership Development,,E,"Executive coaches work with leaders to enhance performance, navigate challenges, and develop leadership capabilities. They provide confidential space, challenge thinking, and accelerate development. Excellence requires business acumen, psychological insight, executive presence, and ability to work with high-level leaders while maintaining impact."
Result,PD176,Legal Practice & Advocacy,,I,"Lawyers represent clients, provide legal advice, draft documents, and advocate in legal proceedings. They navigate complex laws, argue cases, negotiate settlements, and protect clients' rights. Excellence requires legal knowledge, analytical thinking, persuasive communication, ethical judgment, and dedication to justice despite adversarial system's challenges."
Result,PD177,Judicial Leadership & Adjudication,,E,"Judges preside over legal proceedings, interpret law, and make decisions affecting rights and freedoms. They ensure fair trials, apply law impartially, and resolve disputes. Excellence requires legal expertise, impartiality, decisiveness, and commitment to justice while wielding significant power over people's lives and liberty."
Result,PD178,Corporate Law Practice,,I,"Corporate lawyers advise businesses on legal matters, draft contracts, facilitate transactions, and ensure regulatory compliance. They structure deals, protect intellectual property, and provide strategic legal counsel. Excellence requires business understanding, attention to detail, negotiation skills, and dedication to protecting clients' interests in complex transactions."
Result,PD179,Criminal Defense Law,,I,"Criminal defense attorneys represent people accused of crimes, protecting constitutional rights and ensuring fair trials. They investigate cases, challenge evidence, negotiate pleas, and argue for clients. Excellence requires legal skill, courage defending unpopular clients, strategic thinking, and unwavering commitment to everyone's right to competent defense."
Result,PD180,Prosecution & District Attorney,,I,"Prosecutors represent the government in criminal cases, seeking justice while protecting community safety. They evaluate evidence, try cases, and make charging decisions balancing punishment and mercy. Excellence requires legal skill, ethical judgment about enormous power, fairness despite political pressure, and dedication to justice beyond just winning."
Result,PD181,Public Interest & Civil Rights Law,,I,"Public interest lawyers fight for social justice, civil rights, and underserved communities. They challenge injustice, represent vulnerable populations, and work for systemic change. Excellence requires legal skills, passion for justice, resilience against well-funded opponents, and commitment to causes despite lower pay than corporate law."
Result,PD182,Immigration Law & Services,,I,"Immigration lawyers help people navigate complex immigration systems, represent clients in proceedings, and advocate for immigrant rights. They assist with visas, green cards, deportation defense, and asylum. Excellence requires detailed regulatory knowledge, cultural sensitivity, language skills often, and dedication to helping people pursue better lives."
Result,PD183,Environmental Law & Policy,,I,"Environmental lawyers work on environmental regulations, represent clients in environmental disputes, and advance environmental protection through law. They navigate complex environmental statutes, litigate cases, and shape policy. Excellence requires environmental and legal knowledge, strategic thinking, and commitment to protecting environment through legal system."
Result,PD184,Intellectual Property Law,,I,"IP lawyers protect patents, trademarks, copyrights, and trade secrets. They prosecute patents, enforce rights, defend against infringement claims, and advise on IP strategy. Excellence requires technical understanding, attention to detail, strategic thinking, and dedication to protecting innovations and creative works."
Result,PD185,Family Law Practice,,I,"Family lawyers handle divorce, custody, adoption, and other family legal matters. They negotiate settlements, represent clients in emotional cases, and advocate for children's best interests. Excellence requires legal skill, empathy for families in crisis, mediation abilities, and resilience through emotionally charged cases."
Result,PD186,Tax Law & Planning,,I,"Tax lawyers advise on tax matters, structure transactions to minimize taxes, represent clients before tax authorities, and navigate tax codes. They plan estates, handle audits, and ensure compliance. Excellence requires understanding of complex tax laws, analytical thinking, attention to detail, and ability to find legitimate tax savings."
Result,PD187,Real Estate Law,,I,"Real estate lawyers handle property transactions, resolve disputes, and navigate zoning and land use issues. They conduct closings, draft leases, and advise on development projects. Excellence requires real estate knowledge, attention to detail in documentation, negotiation skills, and understanding of property rights and regulations."
Result,PD188,Labor & Employment Law,,I,"Labor and employment lawyers represent employers or employees in workplace legal matters. They handle discrimination claims, negotiate union contracts, advise on employment policies, and litigate employment disputes. Excellence requires knowledge of labor law, negotiation skills, understanding of workplace dynamics, and dedication to fair workplace practices."
Result,PD189,Healthcare Law & Compliance,,S,"Healthcare lawyers navigate complex healthcare regulations, represent healthcare providers, and ensure compliance with medical laws. They handle HIPAA, Medicare, malpractice, and healthcare transactions. Excellence requires understanding of healthcare system, detailed regulatory knowledge, and ability to help providers deliver care while complying with laws."
Result,PD190,International Law & Diplomacy,,I,"International lawyers work on treaties, international disputes, trade agreements, and cross-border transactions. They navigate different legal systems, represent nations or international organizations, and address global legal issues. Excellence requires understanding of international law, multiple legal systems, diplomatic skills, and global perspective."
Result,PD191,Paralegal & Legal Support,,I,"Paralegals assist lawyers by conducting research, drafting documents, organizing cases, and managing legal processes. They perform substantive legal work under attorney supervision, enabling efficient legal services. Excellence requires legal knowledge, research skills, organization, attention to detail, and dedication to supporting legal practice."
Result,PD192,Law Enforcement - Police Officers,,I,"Police officers protect communities, enforce laws, investigate crimes, and respond to emergencies. They patrol neighborhoods, build community relationships, make arrests, and maintain public safety. Excellence requires sound judgment under pressure, physical fitness, communication skills, courage facing danger, and commitment to serving and protecting despite public scrutiny."
Result,PD193,Criminal Investigation & Detection,,I,"Detectives investigate crimes, gather evidence, interview witnesses, and solve cases. They follow leads, analyze information, build cases for prosecution, and bring criminals to justice. Excellence requires analytical thinking, attention to detail, perseverance through cold cases, interviewing skills, and dedication to truth despite pressure to close cases."
Result,PD194,Corrections & Custody,,I,"Correctional officers supervise incarcerated individuals, maintain security, and support rehabilitation in jails and prisons. They manage challenging populations, de-escalate conflicts, and ensure facility safety. Excellence requires interpersonal skills, composure under stress, fairness, and dedication to difficult job maintaining security while treating inmates humanely."
Result,PD195,Emergency Management & Disaster Response,,E,"Emergency managers plan for and respond to disasters, coordinate resources, and protect communities during crises. They develop emergency plans, manage responses to events, and lead recovery efforts. Excellence requires leadership skills, systems thinking, ability to function under extreme stress, and dedication to protecting communities when disasters strike."
Result,PD196,Firefighting & Emergency Services,,I,"Firefighters respond to fires, medical emergencies, and disasters, risking lives to save others. They extinguish fires, provide emergency medical care, rescue people from danger, and prevent fires. Excellence requires physical fitness, courage facing danger, teamwork under pressure, technical skills, and selfless dedication to protecting strangers."
Result,PD197,Homeland Security & Public Safety,,I,"Homeland security professionals protect nations from terrorism, secure borders, and coordinate security efforts. They analyze threats, implement security measures, and work across agencies. Excellence requires analytical skills, attention to pattern indicating threats, collaboration across organizations, and dedication to national security."
Result,PD198,Private Investigation & Security,,I,"Private investigators conduct research, gather evidence, perform surveillance, and investigate cases for clients. They locate people, verify information, and uncover facts through investigation. Excellence requires research skills, patience for surveillance, discretion, analytical thinking, and dedication to uncovering truth for private clients."
Result,PD199,Cybersecurity & Digital Forensics,,I,"Cybersecurity forensic specialists investigate digital crimes, analyze systems for evidence, and testify about technical findings. They recover deleted data, trace cyberattacks, and preserve digital evidence. Excellence requires deep technical knowledge, attention to detail, legal understanding of evidence, and dedication to solving crimes in digital realm."
Result,PD200,Intelligence Analysis & National Security,,I,"Intelligence analysts gather and analyze information to support national security decisions. They assess threats, brief policymakers, and connect dots from disparate sources. Excellence requires analytical thinking, ability to work with incomplete information, writing skills for clear assessments, and dedication to protecting national security behind the scenes."
Result,PD201,Elementary Education,,S,"Elementary teachers educate children in foundational subjects, foster curiosity, and shape young minds during critical developmental years. They create engaging lessons, manage diverse classrooms, assess learning, and partner with families. Excellence requires patience, creativity, deep subject knowledge, classroom management skills, and genuine love for children's growth during formative years when educational foundations are built."
Result,PD202,Secondary Education - High School,,S,"High school teachers educate adolescents in specialized subjects, prepare students for college and careers, and mentor during transformative years. They design rigorous curricula, engage reluctant learners, manage classroom dynamics, and inspire intellectual growth. Excellence requires subject expertise, ability to connect with teenagers, patience through challenging behaviors, and dedication to preparing next generation for adulthood."
Result,PD203,Middle School Education,,S,"Middle school teachers educate students during turbulent early adolescence, bridging elementary and high school. They teach multiple subjects, navigate social-emotional challenges, and support identity development. Excellence requires flexibility, understanding of adolescent psychology, classroom management during difficult ages, and dedication to students during often-overlooked but crucial developmental period."
Result,PD204,Special Education Services,,S,"Special education teachers work with students with disabilities, creating individualized education plans and providing specialized instruction. They adapt curriculum, use assistive technology, collaborate with specialists, and advocate for students. Excellence requires patience, creativity in teaching approaches, understanding of diverse disabilities, and unwavering belief in every student's potential to learn and grow."
Result,PD205,Early Childhood Education,,S,"Early childhood educators teach preschool and kindergarten, building social, emotional, and academic foundations. They create play-based learning, manage young children, and partner with parents during critical early years. Excellence requires understanding of child development, patience, energy for active young children, and dedication to setting children up for educational success."
Result,PD206,English & Literature Education,,S,"English teachers develop students' reading, writing, and critical thinking through literature and composition. They select meaningful texts, teach writing process, facilitate discussions, and inspire love of reading. Excellence requires deep literary knowledge, writing expertise, ability to make classics relevant, and dedication to literacy as gateway to all learning."
Result,PD207,Mathematics Education,,S,"Mathematics teachers build students' quantitative reasoning, problem-solving, and mathematical thinking. They make abstract concepts concrete, address math anxiety, show real-world applications, and develop logical thinking. Excellence requires deep mathematical understanding, ability to explain multiple ways, patience through confusion, and dedication to subject many students fear but all need."
Result,PD208,Science Education,,S,"Science teachers develop scientific literacy, foster curiosity about natural world, and teach scientific method. They conduct experiments, make science engaging, connect concepts to real world, and inspire future scientists. Excellence requires science knowledge, lab safety skills, ability to spark wonder, and dedication to helping students understand how world works."
Result,PD209,Social Studies & History Education,,S,"Social studies teachers help students understand societies, cultures, history, and civic responsibility. They bring past alive, facilitate discussions on current events, develop critical thinking about social issues, and prepare informed citizens. Excellence requires historical knowledge, ability to present multiple perspectives, facilitation skills for sensitive topics, and dedication to educating engaged citizens."
Result,PD210,Foreign Language Education,,S,"Foreign language teachers develop students' abilities to communicate in other languages and understand other cultures. They create immersive experiences, teach grammar and vocabulary, share cultural insights, and open doors to global communication. Excellence requires fluency, cultural knowledge, engaging teaching methods, and dedication to expanding students' worldviews through language."
Result,PD211,Physical Education & Athletics,,S,"Physical education teachers promote fitness, teach sports skills, and instill healthy lifestyle habits. They create inclusive activities, teach teamwork and sportsmanship, and keep students active. Excellence requires athletic knowledge, ability to engage reluctant movers, emphasis on health over competition, and dedication to lifelong fitness and wellbeing."
Result,PD212,Music Education,,A,"Music teachers develop students' musical abilities, appreciation, and expression through instruments and voice. They teach theory and performance, direct ensembles, produce concerts, and share gift of music. Excellence requires musical expertise, conducting ability, patience teaching beginners, and dedication to music education despite funding challenges."
Result,PD213,Art & Visual Arts Education,,A,"Art teachers foster creativity, teach artistic techniques, and help students express themselves visually. They teach various media, critique student work, organize exhibitions, and develop aesthetic appreciation. Excellence requires artistic skill, ability to encourage creativity, comfort with subjective evaluation, and dedication to art education enriching students' lives."
Result,PD214,Career & Technical Education,,S,"Career and technical education teachers prepare students for careers through vocational and applied learning. They teach trades, technology, business skills, and hands-on competencies. Excellence requires industry experience, ability to bridge academic and practical, maintaining relevant equipment, and dedication to preparing students for direct entry into careers."
Result,PD215,Educational Leadership & Administration,,S,"School administrators lead educational institutions, manage staff, ensure quality education, and create positive school culture. They make budgets, evaluate teachers, handle discipline, and champion students. Excellence requires educational expertise, leadership skills, political navigation, and dedication to educational excellence despite bureaucratic constraints and competing demands."
Result,PD216,Higher Education Teaching,,S,"College and university professors teach advanced subjects, conduct research, and mentor students in higher education. They design courses, evaluate scholarship, advise students, and contribute to fields. Excellence requires deep expertise, research productivity, engaging teaching despite large classes, and dedication to both teaching and scholarship."
Result,PD217,Curriculum Development & Instruction,,I,"Instructional coordinators develop curricula, train teachers, and improve educational programs. They align standards, evaluate materials, analyze data, and advance teaching quality. Excellence requires educational expertise, understanding of learning science, collaboration skills, and dedication to improving education through better curriculum and instruction."
Result,PD218,Educational Counseling & Guidance,,A,"School counselors support students' academic, personal, and career development. They provide individual counseling, coordinate services, facilitate groups, and help students navigate challenges. Excellence requires counseling skills, knowledge of adolescent development, crisis intervention abilities, and dedication to student success beyond just academics."
Result,PD219,Library & Information Services,,I,"Librarians curate collections, teach research skills, promote literacy, and provide information services. They select materials, assist patrons, organize information, and adapt to digital transformation. Excellence requires love of reading, research expertise, technology skills, and dedication to information access serving democratic society."
Result,PD220,Adult Education & Literacy,,S,"Adult educators teach basic education, English language, GED preparation, and workforce skills to adults. They work with diverse learners, address barriers to education, and provide second chances. Excellence requires flexibility, cultural sensitivity, understanding of adult learning, and dedication to helping adults achieve educational goals despite life challenges."
Result,PD221,Corporate Training & Development,,I,"Corporate trainers design and deliver employee training programs developing workforce skills and knowledge. They assess needs, create curricula, facilitate learning, and evaluate effectiveness. Excellence requires subject expertise, understanding of adult learning, presentation skills, and dedication to developing talent that drives organizational success."
Result,PD222,Instructional Design & eLearning,,A,"Instructional designers create learning experiences, develop online courses, and apply learning science to education and training. They design curricula, build eLearning, use technology, and optimize learning outcomes. Excellence requires understanding of pedagogy, technical skills, creativity in design, and dedication to effective learning experiences."
Result,PD223,Executive Leadership,,E,"Chief executives guide organizations toward vision and growth, making strategic decisions affecting employees and stakeholders. They set direction, build culture, manage resources, and drive success. Excellence requires strategic thinking, decisiveness under uncertainty, communication inspiring others, and willingness to accept ultimate responsibility for organizational outcomes."
Result,PD224,General Management & Operations,,E,"General managers oversee daily operations, coordinate departments, solve problems, and ensure organizational effectiveness. They balance competing priorities, manage resources, and execute strategy. Excellence requires broad business knowledge, people management skills, operational thinking, and dedication to smooth functioning enabling organizational success."
Result,PD225,Strategic Planning & Consulting,,I,"Management consultants analyze organizations, solve business problems, and provide expert advice to improve performance. They diagnose issues, recommend solutions, implement changes, and drive results. Excellence requires analytical thinking, business acumen, communication skills, and ability to influence without authority while delivering client value."
Result,PD226,Project Management & Planning,,E,"Project managers plan, execute, and deliver projects on time and budget. They coordinate resources, manage risks, communicate with stakeholders, and drive completion. Excellence requires organizational skills, leadership abilities, technical knowledge, and persistence seeing complex projects through despite obstacles and competing priorities."
Result,PD227,Human Resources Leadership,,E,"HR managers develop workforce strategy, manage talent, ensure compliance, and build organizational culture. They recruit, develop, compensate, and retain employees. Excellence requires people skills, business understanding, employment law knowledge, and dedication to supporting employees while advancing organizational goals."
Result,PD228,Talent Acquisition & Recruiting,,I,"Talent acquisition specialists identify, attract, and hire qualified candidates for organizations. They source talent, screen applicants, conduct interviews, and negotiate offers. Excellence requires people assessment skills, marketing mindset for employer brand, persistence in competitive talent markets, and dedication to bringing right people into organizations."
Result,PD229,Compensation Strategy & Design,,A,"Compensation specialists design pay structures, benefits packages, and incentive programs attracting and retaining talent. They analyze market data, ensure internal equity, manage costs, and support strategy. Excellence requires analytical skills, market knowledge, understanding of motivation, and ability to balance employee needs with budget constraints."
Result,PD230,Labor Relations & Negotiation,,I,"Labor relations specialists manage union relationships, negotiate contracts, resolve grievances, and maintain productive labor-management partnerships. They interpret contracts, handle disputes, and foster cooperation. Excellence requires negotiation skills, legal knowledge, emotional intelligence, and dedication to fair workplace practices benefiting workers and employers."
Result,PD231,Organizational Development,,I,"Organizational development professionals improve organizational effectiveness through planned change initiatives. They assess culture, design interventions, facilitate change, and build capabilities. Excellence requires systems thinking, change management expertise, facilitation skills, and patience for organizational transformation that unfolds gradually."
Result,PD232,Sales Leadership & Strategy,,E,"Sales managers lead sales teams, develop strategies, set targets, and drive revenue growth. They coach salespeople, analyze performance, manage accounts, and ensure results. Excellence requires sales expertise, leadership skills, analytical thinking, and competitive drive balanced with ethical selling practices."
Result,PD233,Marketing Leadership & Strategy,,E,"Marketing managers develop brand strategy, plan campaigns, analyze markets, and drive customer acquisition. They oversee creative, manage budgets, measure results, and build brands. Excellence requires strategic thinking, creativity, analytical skills, and understanding of consumer behavior in evolving marketplace."
Result,PD234,Product Management & Strategy,,E,"Product managers define product vision, prioritize features, coordinate development, and drive product success. They gather requirements, make tradeoffs, communicate with stakeholders, and champion products. Excellence requires strategic thinking, technical understanding, customer empathy, and decisiveness under uncertainty while balancing competing interests."
Result,PD235,Operations Management & Supply Chain,,E,"Operations managers optimize processes, manage supply chains, ensure quality, and drive efficiency. They coordinate production, manage inventory, solve bottlenecks, and improve operations. Excellence requires systems thinking, analytical skills, attention to detail, and dedication to operational excellence supporting organizational goals."
Result,PD236,Quality Assurance & Management,,E,"Quality managers develop quality systems, ensure compliance, drive continuous improvement, and prevent defects. They implement standards, analyze data, solve problems, and build quality culture. Excellence requires attention to detail, statistical knowledge, process improvement skills, and unwavering commitment to quality protecting customers and reputation."
Result,PD237,Supply Chain & Logistics Management,,E,"Supply chain managers coordinate movement of goods, optimize logistics, manage suppliers, and ensure efficient operations. They plan transportation, manage inventory, negotiate with vendors, and solve disruptions. Excellence requires analytical thinking, relationship skills, global perspective, and ability to coordinate complex networks delivering products where needed."
Result,PD238,Purchasing & Procurement Leadership,,E,"Purchasing managers develop sourcing strategies, negotiate contracts, manage suppliers, and control costs. They evaluate vendors, ensure quality, manage relationships, and drive value. Excellence requires negotiation skills, analytical thinking, relationship management, and dedication to acquiring goods and services supporting organizational needs cost-effectively."
Result,PD239,Financial Management & Strategy,,E,"Financial managers oversee financial operations, develop strategy, manage investments, and ensure fiscal health. They prepare budgets, analyze performance, secure funding, and guide financial decisions. Excellence requires financial expertise, analytical thinking, strategic perspective, and stewardship of resources enabling organizational success."
Result,PD240,Accounting & Financial Auditing,,I,"Accountants prepare financial statements, ensure compliance, audit records, and provide financial information for decisions. They manage accounts, file taxes, ensure accuracy, and maintain financial integrity. Excellence requires attention to detail, accounting knowledge, ethical integrity, and dedication to accurate financial reporting stakeholders depend on."
Result,PD241,Financial Analysis & Investment Research,,I,"Financial analysts evaluate investments, analyze companies, forecast performance, and recommend decisions. They build models, interpret data, assess risks, and guide capital allocation. Excellence requires analytical thinking, financial modeling skills, understanding of markets, and ability to extract insights from complex financial information."
Result,PD242,Budget Analysis & Financial Planning,,I,"Budget analysts develop budgets, monitor spending, analyze costs, and ensure fiscal responsibility. They forecast needs, allocate resources, track variances, and recommend adjustments. Excellence requires analytical skills, understanding of organizational operations, attention to detail, and dedication to responsible resource stewardship."
Result,PD243,Investment Banking & M&A,,I,"Investment bankers advise on mergers, acquisitions, and capital raising, facilitating major corporate transactions. They value companies, structure deals, negotiate terms, and close transactions. Excellence requires financial modeling expertise, deal-making skills, stamina for intense work, and dedication to complex transactions despite grueling hours."
Result,PD244,Equity Research & Analysis,,I,"Equity research analysts evaluate publicly traded companies, forecast earnings, and recommend investments. They analyze industries, model financials, meet management, and publish research. Excellence requires analytical thinking, financial expertise, writing skills, and dedication to rigorous analysis informing investment decisions."
Result,PD245,Portfolio Management & Asset Allocation,,E,"Portfolio managers invest client assets, construct portfolios, manage risk, and generate returns. They select investments, balance allocations, monitor performance, and serve clients. Excellence requires investment expertise, risk management skills, discipline through market volatility, and fiduciary dedication to client interests."
Result,PD246,Hedge Fund Analysis & Trading,,I,"Hedge fund analysts identify investment opportunities, analyze securities, develop strategies, and generate returns through active management. They research markets, build positions, manage risk, and pursue absolute returns. Excellence requires analytical skills, market understanding, risk management, and competitive drive in high-stakes environment."
Result,PD247,Venture Capital & Startup Investment,,A,"Venture capitalists evaluate startups, invest in early-stage companies, and support entrepreneurs building new ventures. They assess opportunities, negotiate terms, provide guidance, and generate returns. Excellence requires business judgment, pattern recognition across startups, relationship skills, and stomach for high-risk, high-reward investments."
Result,PD248,Private Equity Analysis,,I,"Private equity analysts evaluate acquisition targets, perform due diligence, and support leveraged buyouts and investments. They build financial models, assess industries, analyze operations, and drive value creation. Excellence requires analytical skills, operational understanding, attention to detail, and dedication to rigorous analysis supporting major investments."
Result,PD249,Quantitative Analysis & Trading,,I,"Quantitative analysts develop mathematical models for trading, risk management, and investment strategies. They use statistics, programming, and algorithms to analyze markets and automate trading. Excellence requires mathematical sophistication, programming skills, financial knowledge, and ability to find patterns in market data others miss."
Result,PD250,Risk Management & Analysis,,E,"Risk managers identify, assess, and mitigate risks threatening organizational objectives. They develop frameworks, quantify exposures, implement controls, and ensure resilience. Excellence requires analytical thinking, understanding of diverse risks, communication skills, and dedication to protecting organizations from threats while enabling appropriate risk-taking."
Result,PD251,Securities Trading & Market Making,,I,"Securities traders buy and sell financial instruments, provide market liquidity, and generate returns through trading. They analyze markets, execute trades, manage positions, and navigate volatility. Excellence requires market knowledge, quick decision-making, emotional control, and ability to function effectively under intense pressure."
Result,PD252,Financial Planning & Wealth Advisory,,I,"Financial advisors help clients achieve financial goals through planning, investment management, and comprehensive advice. They assess situations, recommend strategies, manage portfolios, and guide financial decisions. Excellence requires financial knowledge, client relationship skills, ethical integrity, and dedication to clients' financial wellbeing."
Result,PD253,Tax Preparation & Planning,,I,"Tax professionals prepare returns, develop tax strategies, ensure compliance, and minimize tax liabilities. They interpret tax laws, advise clients, handle audits, and navigate complex regulations. Excellence requires tax knowledge, attention to detail, analytical thinking, and dedication to helping clients manage tax obligations."
Result,PD254,Real Estate Investment & Development,,I,"Real estate professionals develop properties, manage investments, and create value through real estate. They identify opportunities, secure financing, manage construction, and lease or sell properties. Excellence requires market knowledge, deal-making skills, project management, and ability to see potential others miss."
Result,PD255,Commercial Banking & Lending,,I,"Commercial bankers provide financing, manage relationships with business clients, and support business growth. They evaluate creditworthiness, structure loans, manage risk, and advise clients. Excellence requires financial analysis skills, relationship building, credit judgment, and dedication to supporting business growth while managing bank risk."
Result,PD256,Insurance Underwriting & Risk Assessment,,A,"Insurance underwriters evaluate risks, determine coverage terms, and price insurance policies protecting against losses. They assess applications, calculate risk, make coverage decisions, and ensure profitability. Excellence requires analytical thinking, risk assessment skills, decision-making under uncertainty, and dedication to balancing coverage with company sustainability."
Result,PD257,Actuarial Science & Risk Analysis,,I,"Actuaries analyze financial risks using mathematics, statistics, and financial theory. They calculate insurance premiums, evaluate pension liabilities, and quantify uncertain future events. Excellence requires mathematical sophistication, statistical expertise, business understanding, and ability to translate complex analyses into business recommendations."
Result,PD258,Credit Analysis & Lending,,I,"Credit analysts evaluate borrowers' creditworthiness, assess risk, and recommend lending decisions. They analyze financial statements, assess repayment ability, and protect lenders from default. Excellence requires financial analysis skills, risk assessment, attention to detail, and balanced judgment protecting lenders while enabling deserving borrowers access to credit."
Result,PD259,Regulatory Compliance & Risk,,I,"Compliance officers ensure organizations follow laws and regulations, implement policies, and manage regulatory risk. They monitor compliance, train employees, report violations, and litigate when needed. Excellence requires regulatory knowledge, attention to detail, ethical integrity, and dedication to protecting organizations from legal and reputational risk."
Result,PD260,Business Analytics & Intelligence,,E,"Business analysts translate data into insights informing business decisions. They analyze trends, build dashboards, forecast outcomes, and support strategy. Excellence requires analytical thinking, technical skills with analytics tools, business understanding, and ability to tell compelling stories with data."
Result,PD261,Market Research & Consumer Insights,,I,"Market researchers study consumer behavior, test products, analyze markets, and inform business strategy. They design studies, gather data, identify trends, and translate insights into recommendations. Excellence requires research methodology skills, analytical thinking, consumer psychology understanding, and ability to uncover insights driving business decisions."
Result,PD262,Advertising & Brand Management,,E,"Advertising professionals create campaigns, manage brands, and communicate value to target audiences. They develop concepts, manage creative, buy media, and measure results. Excellence requires creativity, strategic thinking, understanding of consumer behavior, and ability to create compelling messages breaking through crowded marketplace."
Result,PD263,Public Relations & Communications,,I,"PR professionals manage reputation, handle media relations, navigate crises, and build positive public perception. They craft messages, pitch stories, manage issues, and protect brands. Excellence requires communication skills, media savvy, crisis management abilities, and dedication to truthful representation while advancing organizational interests."
Result,PD264,Event Planning & Management,,E,"Event planners organize conferences, meetings, weddings, and events bringing people together for specific purposes. They coordinate logistics, manage vendors, solve problems, and execute flawless events. Excellence requires organizational skills, attention to detail, vendor management, and grace under pressure when things inevitably go wrong."
Result,PD265,Hospitality & Hotel Management,,E,"Hospitality managers oversee hotels, resorts, and lodging operations ensuring guest satisfaction and business success. They manage staff, maintain facilities, ensure quality service, and drive profitability. Excellence requires people skills, attention to detail, problem-solving for guest issues, and dedication to service creating positive experiences."
Result,PD266,Restaurant & Food Service Management,,E,"Restaurant managers oversee dining operations, ensure food quality and safety, manage staff, and create positive dining experiences. They handle reservations, solve problems, control costs, and maintain standards. Excellence requires food knowledge, people management, multitasking ability, and dedication to hospitality despite demanding hours."
Result,PD267,Tourism & Travel Services,,I,"Travel professionals plan trips, provide destination expertise, and create memorable travel experiences for clients. They book travel, recommend destinations, handle logistics, and solve travel problems. Excellence requires destination knowledge, customer service, attention to detail, and passion for travel inspiring others to explore world."
Result,PD268,Real Estate Sales & Brokerage,,E,"Real estate agents help clients buy, sell, and rent properties, navigating complex transactions and negotiations. They market properties, show homes, negotiate deals, and coordinate closings. Excellence requires market knowledge, sales skills, relationship building, and dedication to clients making major financial decisions."
Result,PD269,Retail Management & Operations,,E,"Retail managers oversee store operations, manage staff, drive sales, and ensure customer satisfaction. They maintain inventory, create displays, analyze performance, and optimize operations. Excellence requires business acumen, people management, customer focus, and ability to balance sales pressure with employee and customer needs."
Result,PD270,E-commerce & Digital Retail,,I,"E-commerce managers optimize online shopping experiences, manage digital storefronts, and drive online sales growth. They analyze customer behavior, test improvements, manage logistics, and navigate digital marketplace. Excellence requires analytical thinking, customer focus, technical understanding, and ability to optimize entire digital shopping journey."
Result,PD271,Customer Success & Relations,,I,"Customer success managers ensure clients achieve desired outcomes, maintain satisfaction, and renew contracts. They onboard customers, provide support, identify expansion opportunities, and prevent churn. Excellence requires empathy, problem-solving, relationship building, and dedication to client success driving business results."
Result,PD272,Technical Sales & Solutions,,E,"Technical sales professionals sell complex products requiring technical expertise, consulting with customers on solutions. They understand technical specifications, demonstrate products, address technical concerns, and close deals. Excellence requires technical knowledge, sales skills, consultative approach, and ability to translate technical features into business value."
Result,PD273,Social Services & Community Leadership,,E,"Social service managers lead organizations serving communities, addressing social problems, and supporting vulnerable populations. They develop programs, secure funding, manage staff, and advocate for communities. Excellence requires passion for social justice, nonprofit management skills, resilience, and dedication to serving despite limited resources."
Result,PD274,Nonprofit Management & Leadership,,E,"Nonprofit leaders guide mission-driven organizations, balance social impact with financial sustainability, and advance causes. They fundraise, manage programs, engage boards, and champion missions. Excellence requires mission commitment, business skills despite nonprofit context, fundraising ability, and dedication to social change despite challenges."
Result,PD275,Fundraising & Development,,I,"Development professionals raise money for nonprofits, educational institutions, and causes through major gifts, grants, and campaigns. They cultivate donors, write proposals, organize events, and secure funding. Excellence requires relationship skills, persuasive communication, persistence through rejection, and dedication to causes enabling social good."
Result,PD276,Grant Writing & Management,,A,"Grant writers secure funding by writing compelling proposals to foundations, government agencies, and donors. They research opportunities, craft narratives, manage budgets, and report outcomes. Excellence requires writing skills, research abilities, attention to detail, and dedication to securing resources for worthy causes."
Result,PD277,Community Organizing & Advocacy,,I,"Community organizers mobilize people for collective action, build power, and advocate for change. They identify issues, recruit members, plan campaigns, and challenge injustice. Excellence requires leadership skills, political awareness, relationship building, and commitment to grassroots change despite opposition and slow progress."
Result,PD278,Policy Analysis & Development,,I,"Policy analysts research issues, evaluate options, and recommend policies addressing public problems. They analyze data, assess impacts, brief policymakers, and shape legislation. Excellence requires analytical thinking, understanding of political process, writing skills, and dedication to evidence-based policy improving lives."
Result,PD279,Urban Planning & Development,,I,"Urban planners shape cities through land use planning, zoning decisions, and development regulations. They envision community futures, balance competing interests, and create plans guiding growth. Excellence requires systems thinking, stakeholder engagement, understanding of urban dynamics, and commitment to creating livable, equitable, sustainable cities."
Result,PD280,Environmental Planning & Sustainability,,I,"Environmental planners integrate environmental considerations into development decisions, promoting sustainability and conservation. They assess impacts, recommend mitigation, and advance green development. Excellence requires environmental knowledge, planning expertise, negotiation skills, and dedication to balancing development with environmental protection."
Result,PD281,Transportation Planning & Engineering,,I,"Transportation planners design multimodal transportation systems improving mobility and reducing congestion. They analyze traffic, plan infrastructure, evaluate alternatives, and shape how people move. Excellence requires engineering knowledge, data analysis skills, understanding of travel behavior, and commitment to efficient, sustainable transportation."
Result,PD282,Economic Development & Strategy,,I,"Economic development professionals attract businesses, support entrepreneurship, and grow regional economies. They recruit companies, assist businesses, develop incentives, and create jobs. Excellence requires business understanding, relationship building, knowledge of economic trends, and dedication to economic opportunity in communities."
Result,PD283,International Development & Aid,,I,"International development workers address global poverty, health, and development challenges through programs and advocacy. They implement projects, partner with communities, and advance sustainable development. Excellence requires cross-cultural skills, understanding of development, resilience in challenging environments, and commitment to global equity."
Result,PD284,Public Administration & Government,,I,"Public administrators implement policy, manage government programs, and serve citizens through public sector work. They administer services, manage budgets, coordinate agencies, and advance public good. Excellence requires public service commitment, political navigation, management skills, and dedication to democratic governance serving all."
Result,PD285,Diplomacy & Foreign Service,,I,"Diplomats represent nations abroad, conduct negotiations, advance national interests, and build international relationships. They report on developments, facilitate agreements, and promote cooperation. Excellence requires political acumen, cross-cultural skills, communication abilities, and commitment to international relations serving national and global interests."
Result,PD286,Immigration Services & Advocacy,,I,"Immigration specialists help people navigate immigration systems, represent clients, and advocate for immigrant rights. They assist with applications, represent in proceedings, and support integration. Excellence requires regulatory knowledge, cultural sensitivity, language skills often, and dedication to helping people pursue better lives."
Result,PD287,Mediation & Conflict Resolution,,A,"Mediators facilitate resolution of disputes, helping parties reach agreements without litigation. They create safe spaces, manage emotions, generate options, and guide settlements. Excellence requires neutrality, emotional intelligence, communication skills, and dedication to helping people resolve conflicts constructively."
Result,PD288,Arbitration & Dispute Resolution,,I,"Arbitrators hear disputes and render binding decisions as private judges resolving conflicts outside courts. They evaluate evidence, apply law or contract terms, and issue awards. Excellence requires legal knowledge, impartiality, decisiveness, and commitment to fair resolution serving parties who agreed to arbitration."
Result,PD289,Religious Leadership & Ministry,,E,"Clergy provide spiritual leadership, perform religious ceremonies, counsel congregants, and guide faith communities. They preach, teach, support in crisis, and live out religious callings. Excellence requires theological knowledge, public speaking, pastoral care skills, and deep faith commitment serving spiritual needs."
Result,PD290,Spiritual Counseling & Chaplaincy,,S,"Chaplains provide spiritual care in hospitals, military, prisons, and institutions, supporting people during crises and transitions. They offer presence, perform rituals, and provide comfort across faith traditions. Excellence requires interfaith knowledge, emotional strength, availability during hardship, and calling to serve spiritual needs in challenging contexts."
Result,PD291,Youth Ministry & Development,,I,"Youth ministers guide young people's spiritual and personal development through faith-based programs and mentoring. They plan activities, provide counseling, build community, and support youth. Excellence requires understanding of youth culture, relationship skills, patience with adolescents, and dedication to positive youth development."
Result,PD292,Sociology & Social Research,,I,"Sociologists study social behavior, institutions, and change through research advancing understanding of society. They design studies, collect data, analyze patterns, and develop theories. Excellence requires research skills, critical thinking about social structures, analytical abilities, and dedication to understanding complex social phenomena."
Result,PD293,Political Science & Government Research,,I,"Political scientists analyze political systems, behavior, and processes through research informing understanding of power and governance. They study elections, policy, institutions, and politics. Excellence requires analytical thinking, research methodology, understanding of political theory, and dedication to rigorous analysis of political phenomena."
Result,PD294,Economics Research & Policy,,I,"Economists research production, distribution, and consumption, developing theories and analyzing economic systems and policies. They build models, analyze data, forecast trends, and inform policy. Excellence requires mathematical skills, theoretical knowledge, empirical research abilities, and dedication to understanding economic systems shaping lives."
Result,PD295,Anthropology & Cultural Research,,I,"Anthropologists study human cultures, evolution, and diversity through fieldwork and analysis advancing understanding of humanity. They conduct ethnography, excavate sites, analyze artifacts, and develop theories. Excellence requires cultural sensitivity, fieldwork endurance, analytical thinking, and fascination with human diversity across time and space."
Result,PD296,Geography & Spatial Research,,I,"Geographers study spatial patterns, human-environment interactions, and place-based phenomena through research and mapping. They use GIS, conduct fieldwork, and investigate relationships between people and places. Excellence requires spatial thinking, technological proficiency, interdisciplinary knowledge, and ability to analyze patterns across landscapes."
Result,PD297,Linguistics & Language Research,,I,"Linguists investigate language structure, acquisition, evolution, and use across cultures through systematic research. They analyze phonetics, syntax, semantics, and document endangered languages. Excellence requires analytical precision, fieldwork skills, pattern recognition, and fascination with humanity's most distinctive capability."
Result,PD298,Public Health & Epidemiology,,I,"Public health professionals prevent disease, promote health, and improve population wellbeing through programs and research. They investigate outbreaks, design interventions, analyze data, and shape policy. Excellence requires epidemiological skills, systems thinking, communication abilities, and dedication to population health preventing suffering."
Result,PD299,Health Education & Promotion,,S,"Health educators develop programs promoting healthy behaviors and preventing disease through education and community interventions. They assess needs, design campaigns, deliver education, and evaluate impact. Excellence requires health knowledge, understanding of behavior change, communication skills, and dedication to empowering people toward healthier lives."
Result,PD300,Community Health & Advocacy,,I,"Community health workers connect underserved populations to healthcare, provide education, and advocate for health equity. They build trust, navigate systems, address barriers, and reduce disparities. Excellence requires cultural competence, relationship skills, health knowledge, and commitment to health justice in marginalized communities."
Result,PD301,Genetic Counseling & Clinical Genetics,,S,"Genetic counselors help people understand genetic risks, interpret tests, and make informed decisions about genetic conditions. They assess heredity, explain options, provide support, and guide families. Excellence requires genetics knowledge, counseling skills, empathy for difficult decisions, and ethical sensitivity about genetic information."
Result,PD302,Clinical Research & Trials Management,,E,"Clinical research coordinators manage trials testing new treatments, ensuring compliance and participant safety while advancing medicine. They recruit subjects, collect data, ensure protocols are followed, and coordinate complex studies. Excellence requires attention to detail, ethical integrity, organizational skills, and dedication to rigorous research improving treatments."
Result,PD303,Biostatistics & Clinical Data,,I,"Biostatisticians design medical studies, analyze health data, and provide statistical expertise advancing medical research and evidence-based medicine. They develop methods, interpret results, and collaborate with researchers. Excellence requires statistical expertise, understanding of medicine, communication skills, and dedication to rigorous analysis supporting medical advances."
Result,PD304,Healthcare Administration & Operations,,S,"Healthcare administrators manage medical facilities, coordinate services, ensure quality care, and navigate complex healthcare systems. They oversee operations, manage budgets, ensure compliance, and support providers. Excellence requires business skills, healthcare knowledge, leadership abilities, and dedication to healthcare delivery despite regulatory complexity."
Result,PD305,Medical Coding & Health Information,,S,"Health information specialists manage medical records, ensure accurate coding for billing and data, and maintain health information systems. They code diagnoses, protect privacy, ensure compliance, and organize information. Excellence requires attention to detail, medical terminology knowledge, understanding of regulations, and dedication to accurate health information."
Result,PD306,Emergency Medical Services,,S,"Emergency medical technicians and paramedics provide pre-hospital emergency care, stabilize patients, and transport to hospitals. They respond to emergencies, make quick decisions, perform procedures, and save lives. Excellence requires medical knowledge, composure under pressure, physical fitness, and dedication to helping strangers in their worst moments."
Result,PD307,Diagnostic Imaging Technology,,I,"Imaging technologists perform MRI, CT, and other advanced scans producing diagnostic images guiding medical care. They position patients, operate equipment, ensure quality, and minimize radiation. Excellence requires technical expertise, patient communication, attention to safety, and dedication to quality imaging enabling accurate diagnosis."
Result,PD308,Dental Technology & Prosthetics,,I,"Dental technicians fabricate crowns, bridges, dentures, and other dental prosthetics restoring oral function and appearance. They use molds, shape materials, and create custom devices. Excellence requires manual dexterity, attention to detail, understanding of dental anatomy, and dedication to craftsmanship improving patients' smiles and function."
Result,PD309,Medical Device & Equipment Technology,,R,"Medical equipment technicians install, maintain, and repair complex medical devices ensuring proper function and patient safety. They troubleshoot equipment, perform maintenance, ensure calibration, and respond to emergencies. Excellence requires technical skills, understanding of medical equipment, attention to detail, and dedication to equipment reliability enabling patient care."
Result,PD310,Veterinary Technology & Support,,I,"Veterinary technicians assist veterinarians, perform lab work, provide nursing care, and support animal health. They take vitals, assist surgery, educate owners, and advocate for animals. Excellence requires animal knowledge, technical skills, emotional strength, and dedication to animal welfare supporting veterinarians in healing."
Result,PD311,Animal Training & Behavior,,I,"Animal trainers teach behaviors, solve behavioral problems, and develop animal-human partnerships through positive reinforcement and understanding. They train service animals, work with problem behaviors, and enhance animal wellbeing. Excellence requires animal behavior knowledge, patience, observation skills, and genuine love for animals."
Result,PD312,Wildlife Conservation & Management,,E,"Wildlife managers protect species, manage habitats, and balance conservation with human needs through science-based management. They monitor populations, restore ecosystems, and develop conservation plans. Excellence requires ecology knowledge, fieldwork abilities, political navigation, and dedication to preserving biodiversity for future generations."
Result,PD313,Environmental Conservation & Protection,,I,"Conservation professionals protect natural resources, restore ecosystems, and advance environmental stewardship through hands-on work and advocacy. They restore habitats, monitor conditions, educate communities, and fight environmental degradation. Excellence requires environmental knowledge, physical stamina, dedication, and commitment to protecting nature."
Result,PD314,Forestry & Natural Resources Management,,E,"Foresters manage forests for timber, recreation, wildlife, and ecosystem services balancing use with conservation. They plan harvests, fight fires, restore areas, and ensure sustainable management. Excellence requires forestry knowledge, long-term thinking, political navigation, and stewardship of forests providing multiple benefits."
Result,PD315,Parks & Recreation Management,,E,"Park managers oversee public parks, recreational facilities, and natural areas providing opportunities for enjoyment and conservation. They manage staff, maintain facilities, develop programs, and serve communities. Excellence requires management skills, understanding of recreation, customer service, and dedication to public spaces enriching lives."
Result,PD316,Agricultural Extension & Education,,S,"Extension educators provide practical education to farmers and communities, translating research into applied knowledge improving agriculture and rural life. They teach methods, solve problems, and support producers. Excellence requires agricultural knowledge, teaching ability, practical orientation, and dedication to helping farmers succeed."
Result,PD317,Landscape & Grounds Management,,E,"Grounds managers maintain landscapes, athletic fields, and outdoor spaces ensuring beauty, function, and safety. They manage crews, coordinate maintenance, apply treatments, and preserve green spaces. Excellence requires horticulture knowledge, management skills, attention to aesthetics, and dedication to maintaining attractive, functional landscapes."
Result,PD318,Arboriculture & Tree Care,,S,"Arborists care for trees through pruning, disease management, and removal ensuring urban forest health and safety. They climb trees, assess conditions, provide treatments, and maintain valuable trees. Excellence requires tree biology knowledge, climbing skills, safety consciousness, and dedication to trees improving urban environments."
Result,PD319,Horticulture & Plant Science,,I,"Horticulturists cultivate plants, develop new varieties, and apply plant science improving food production and ornamental landscapes. They breed plants, manage greenhouses, solve pest problems, and advance plant cultivation. Excellence requires plant knowledge, scientific thinking, hands-on skills, and passion for plants."
Result,PD320,Agricultural Production & Management,,E,"Farm managers oversee agricultural operations producing food, fiber, and crops feeding world's population. They plan production, manage resources, adopt technologies, and ensure profitability. Excellence requires agricultural knowledge, business skills, physical work ethic, and dedication to feeding people despite unpredictable weather and markets."
Result,PD321,Aquaculture & Fisheries Management,,E,"Aquaculture professionals raise fish and seafood, manage fisheries, and advance sustainable production of aquatic food resources. They manage systems, ensure quality, solve problems, and expand food production. Excellence requires aquatic biology knowledge, business skills, attention to water quality, and dedication to sustainable seafood production."
Result,PD322,Renewable Energy Systems & Installation,,R,"Renewable energy technicians install and maintain solar panels, wind turbines, and clean energy systems advancing energy transition. They install equipment, troubleshoot systems, ensure performance, and enable clean energy. Excellence requires electrical skills, understanding of renewable systems, safety consciousness, and commitment to clean energy future."
Result,PD323,Energy Efficiency & Building Performance,,A,"Energy auditors assess buildings, identify efficiency improvements, and help reduce energy consumption and environmental impact. They conduct tests, analyze usage, recommend upgrades, and advance sustainability. Excellence requires building science knowledge, analytical skills, attention to detail, and dedication to reducing energy waste."
Result,PD324,Water & Wastewater Treatment,,I,"Water treatment operators ensure safe drinking water and treat wastewater protecting public health and environment. They monitor processes, adjust treatments, test quality, and maintain systems. Excellence requires chemistry knowledge, mechanical skills, attention to detail, and dedication to providing safe water communities depend on."
Result,PD325,Air Quality & Environmental Monitoring,,I,"Environmental technicians monitor air, water, and soil quality, collect samples, and ensure environmental compliance protecting health. They conduct tests, analyze results, document findings, and support enforcement. Excellence requires scientific knowledge, fieldwork abilities, attention to detail, and dedication to environmental protection."
Result,PD326,Hazardous Materials & Waste Management,,E,"Hazmat specialists safely handle, transport, and dispose of hazardous materials protecting workers, public, and environment. They ensure compliance, respond to spills, manage remediation, and prevent contamination. Excellence requires safety consciousness, technical knowledge, calm in emergencies, and dedication to protecting people from hazardous substances."
Result,PD327,Occupational Health & Safety,,I,"Safety specialists identify hazards, develop safety programs, ensure compliance, and protect workers from occupational injuries and illnesses. They conduct inspections, investigate accidents, train workers, and advance safety culture. Excellence requires safety knowledge, attention to hazards, communication skills, and unwavering commitment to worker protection."
Result,PD328,Industrial Hygiene & Exposure Assessment,,I,"Industrial hygienists assess workplace exposures, recommend controls, and protect workers from chemical, physical, and biological hazards. They measure exposures, evaluate risks, design interventions, and ensure healthy workplaces. Excellence requires scientific knowledge, technical skills, problem-solving, and dedication to preventing occupational disease."
Result,PD329,Emergency Response & Hazmat,,I,"Emergency response professionals respond to chemical spills, fires, and hazmat incidents protecting communities during dangerous situations. They assess situations, implement responses, coordinate agencies, and mitigate threats. Excellence requires technical knowledge, decision-making under pressure, teamwork, and courage responding to dangerous situations."
Result,PD330,Construction Project Leadership,,R,"Construction managers oversee building projects from planning through completion ensuring quality, safety, and timely delivery. They coordinate trades, manage budgets, solve problems, and drive completion. Excellence requires construction knowledge, leadership skills, problem-solving ability, and dedication to delivering projects despite inevitable challenges."
Result,PD331,Architecture & Structural Design,,A,"Architects design buildings combining function, beauty, and sustainability while serving clients and communities. They develop concepts, create plans, coordinate engineering, and realize visions. Excellence requires design creativity, technical knowledge, communication skills, and ability to balance artistic vision with practical constraints."
Result,PD332,Civil Engineering & Construction,,R,"Civil engineers design infrastructure, solve structural challenges, and oversee construction of projects serving society. They calculate loads, design systems, ensure safety, and bring plans to reality. Excellence requires engineering expertise, attention to safety, project management, and dedication to infrastructure enabling modern life."
Result,PD333,Electrical Systems & Installation,,R,"Electricians install and maintain electrical systems ensuring safe, reliable power in buildings and infrastructure. They wire structures, troubleshoot problems, follow codes, and prevent fires. Excellence requires electrical knowledge, manual skills, attention to safety, and dedication to quality electrical systems people depend on."
Result,PD334,Plumbing & Pipe Systems,,R,"Plumbers install and repair water, drainage, and gas systems essential for building function and public health. They fit pipes, fix leaks, ensure codes, and maintain systems. Excellence requires technical knowledge, problem-solving, manual skills, and dedication to plumbing systems enabling sanitation and comfort."
Result,PD335,HVAC Systems & Climate Control,,R,"HVAC technicians install, maintain, and repair heating, cooling, and ventilation systems ensuring indoor comfort and air quality. They diagnose problems, replace components, optimize efficiency, and ensure comfort. Excellence requires mechanical knowledge, electrical skills, problem-solving, and dedication to systems people rely on daily."
Result,PD336,Carpentry & Woodworking,,I,"Carpenters build and repair wooden structures, creating frameworks, finishing interiors, and crafting custom work. They read plans, cut materials, assemble components, and build with precision. Excellence requires mathematical skills, manual dexterity, attention to detail, and pride in craftsmanship creating lasting structures."
Result,PD337,Masonry & Concrete Construction,,R,"Masons work with brick, block, and stone creating durable structures and decorative elements. They lay materials, ensure alignment, build walls, and create structures lasting generations. Excellence requires physical strength, spatial skills, attention to detail, and dedication to craft producing permanent, visible work."
Result,PD338,Welding & Metal Fabrication,,R,"Welders join metals through various processes creating structures from artistic pieces to industrial components. They read blueprints, select methods, create joints, and ensure quality. Excellence requires technical knowledge, steady hands, attention to quality, and pride in welds that must hold under stress."
Result,PD339,Heavy Equipment Operation,,R,"Equipment operators run bulldozers, excavators, and machinery moving earth and materials for construction and mining. They grade land, dig foundations, move materials, and shape terrain. Excellence requires machine skills, spatial awareness, safety consciousness, and dedication to precise work with powerful equipment."
Result,PD340,Automotive Repair & Diagnostics,,R,"Auto mechanics diagnose and repair vehicles keeping transportation running safely and reliably. They troubleshoot problems, replace parts, perform maintenance, and restore function. Excellence requires mechanical knowledge, diagnostic thinking, manual skills, and dedication to quality repairs people depend on."
Result,PD341,Diesel & Heavy Vehicle Systems,,I,"Diesel mechanics maintain and repair trucks, buses, and heavy equipment ensuring commercial transportation functions. They service engines, diagnose issues, rebuild components, and minimize downtime. Excellence requires mechanical expertise, problem-solving, physical strength, and dedication to keeping commercial vehicles operating."
Result,PD342,Aviation Maintenance & Repair,,R,"Aircraft mechanics inspect, maintain, and repair aircraft ensuring safety and airworthiness through meticulous work. They follow procedures, replace components, troubleshoot systems, and ensure safety. Excellence requires mechanical knowledge, attention to detail, adherence to procedures, and acceptance of responsibility for passenger safety."
Result,PD343,Marine Vessel Maintenance,,R,"Marine mechanics maintain and repair boat engines, systems, and equipment ensuring vessel operation and safety. They service engines, fix electrical systems, winterize boats, and keep vessels running. Excellence requires mechanical knowledge, understanding of marine systems, problem-solving, and dedication to safe boating."
Result,PD344,Small Engine & Equipment Repair,,R,"Small engine mechanics repair lawn equipment, generators, and outdoor power equipment keeping tools running. They diagnose problems, rebuild engines, replace parts, and restore operation. Excellence requires mechanical knowledge, diagnostic skills, manual dexterity, and dedication to fixing equipment people rely on."
Result,PD345,Industrial Machinery Maintenance,,R,"Industrial mechanics maintain and repair production equipment ensuring manufacturing operations continue smoothly. They perform preventive maintenance, troubleshoot breakdowns, replace components, and minimize downtime. Excellence requires mechanical knowledge, electrical skills, problem-solving under pressure, and dedication to keeping production running."
Result,PD346,Electronics Repair & Service,,R,"Electronics technicians diagnose and repair electronic devices, circuits, and systems ensuring equipment function. They troubleshoot circuits, replace components, test repairs, and restore operation. Excellence requires electronics knowledge, diagnostic thinking, manual dexterity, and patience for detailed troubleshooting work."
Result,PD347,Computer Repair & Technical Support,,R,"Computer technicians repair hardware, troubleshoot software, and support users with technical problems. They diagnose issues, replace components, remove malware, and restore systems. Excellence requires technical knowledge, problem-solving, customer service skills, and patience helping frustrated users with technical issues."
Result,PD348,Precision Machining & Manufacturing,,I,"Machinists operate machine tools creating precise metal parts for machinery, equipment, and products. They read blueprints, set up machines, measure precisely, and produce components. Excellence requires mathematical skills, attention to precision, understanding of materials, and pride in creating exact parts."
Result,PD349,Tool & Die Making,,I,"Tool and die makers create precision tools, dies, and fixtures used in manufacturing processes. They design tools, machine components, fit pieces precisely, and create production tools. Excellence requires exceptional precision, problem-solving, understanding of manufacturing, and craftsmanship producing tools enabling mass production."
Result,PD350,Quality Control & Inspection,,I,"Quality inspectors examine products, verify specifications, identify defects, and ensure quality standards protecting customers and reputation. They measure dimensions, test function, document findings, and enforce standards. Excellence requires attention to detail, measurement skills, understanding of standards, and dedication to quality."
Result,PD351,Manufacturing Engineering & Process,,I,"Manufacturing engineers design production processes, optimize efficiency, and solve manufacturing challenges enabling cost-effective production. They improve methods, reduce waste, integrate automation, and advance manufacturing. Excellence requires engineering knowledge, systems thinking, creativity improving processes, and dedication to manufacturing excellence."
Result,PD352,Production Supervision & Management,,E,"Production supervisors manage manufacturing teams, ensure quality and safety, meet targets, and drive operational excellence. They schedule work, solve problems, train workers, and achieve results. Excellence requires leadership skills, manufacturing knowledge, problem-solving under pressure, and dedication to team safety and productivity."
Result,PD353,Logistics & Distribution Management,,E,"Logistics managers coordinate movement of goods ensuring products reach customers efficiently through complex networks. They plan routes, manage warehouses, track shipments, and optimize distribution. Excellence requires organizational thinking, analytical skills, problem-solving for disruptions, and dedication to reliable delivery customers expect."
Result,PD354,Warehouse Operations & Management,,E,"Warehouse managers oversee storage and distribution operations ensuring efficient, accurate fulfillment. They manage inventory, supervise staff, ensure safety, and optimize operations. Excellence requires organizational skills, attention to accuracy, leadership abilities, and dedication to operations enabling product availability."
Result,PD355,Transportation & Fleet Management,,E,"Fleet managers oversee vehicle fleets ensuring reliable, cost-effective transportation supporting organizational operations. They maintain vehicles, manage drivers, optimize routes, and ensure compliance. Excellence requires logistics knowledge, management skills, attention to safety, and dedication to reliable transportation."
Result,PD356,Commercial Driving & Transportation,,I,"Commercial drivers transport goods and people safely and reliably across distances supporting economy and mobility. They drive trucks, follow regulations, maintain vehicles, and deliver on time. Excellence requires driving skill, safety consciousness, stamina for long hours, and dedication to reliable service."
Result,PD357,Railroad Operations & Management,,E,"Railroad workers operate trains, maintain tracks, and coordinate rail transportation moving freight and passengers. They ensure safety, operate equipment, maintain systems, and keep trains running. Excellence requires attention to safety, technical knowledge, adherence to procedures, and dedication to reliable rail service."
Result,PD358,Aviation Operations & Management,,E,"Aviation professionals coordinate flight operations, manage airports, and ensure safe, efficient air transportation. They schedule flights, manage ground operations, ensure compliance, and serve passengers. Excellence requires aviation knowledge, organizational skills, calm under pressure, and dedication to safety in air travel."
Result,PD359,Maritime Operations & Navigation,,I,"Maritime professionals operate vessels, navigate waters, and coordinate shipping moving cargo across oceans. They pilot ships, manage crews, ensure safety, and deliver goods globally. Excellence requires seamanship, navigation skills, leadership abilities, and dedication to safe ocean transportation."
Result,PD360,Culinary Arts & Professional Cooking,,A,"Chefs create dishes, develop menus, and lead kitchens combining technique, creativity, and passion for food. They prepare food, manage kitchens, innovate dishes, and delight diners. Excellence requires culinary skill, creativity, physical stamina, and dedication to culinary craft despite demanding kitchen environment."
Result,PD361,Baking & Pastry Arts,,A,"Bakers and pastry chefs create breads, pastries, and desserts combining technique, precision, and artistic flair. They develop recipes, bake products, decorate creations, and provide daily bread and special treats. Excellence requires baking science knowledge, precision, early morning starts, and passion for baking."
Result,PD362,Sommelier & Wine Expertise,,I,"Sommeliers guide wine selection, educate about wine, and enhance dining experiences through beverage expertise and service. They recommend pairings, manage wine programs, and share knowledge. Excellence requires wine education, sensory skills, communication abilities, and passion for wine enriching dining."
Result,PD363,Culinary Management & Leadership,,E,"Culinary directors lead kitchen operations, develop concepts, and drive culinary excellence in restaurants and institutions. They create menus, manage staff, control costs, and ensure quality. Excellence requires culinary expertise, business skills, leadership abilities, and dedication to outstanding food and operations."
Result,PD364,Barbering & Men's Grooming,,I,"Barbers cut hair, groom beards, and provide personal grooming services building relationships through traditional craft. They cut hair, shave beards, serve clients, and maintain traditions. Excellence requires cutting skills, customer service, attention to detail, and pride in helping clients look their best."
Result,PD365,Cosmetology & Beauty Services,,I,"Cosmetologists style hair, apply makeup, and provide beauty services helping clients look and feel their best. They cut, color, style hair, and provide beauty treatments. Excellence requires artistic skill, customer service, staying current with trends, and dedication to making clients feel beautiful."
Result,PD366,Esthetics & Skincare,,S,"Estheticians provide skincare treatments, facials, and cosmetic services promoting skin health and beauty. They analyze skin, provide treatments, recommend products, and improve skin. Excellence requires skincare knowledge, gentle touch, customer service, and dedication to skin health."
Result,PD367,Nail Technology & Services,,I,"Nail technicians provide manicures, pedicures, and nail art creating beautiful, healthy nails through skilled service. They shape, polish, create designs, and pamper clients. Excellence requires manual dexterity, artistic flair, sanitation practices, and dedication to nail care."
Result,PD368,Massage Therapy & Wellness,,S,"Massage therapists provide therapeutic massage relieving pain, reducing stress, and promoting wellness through skilled touch. They assess clients, apply techniques, and improve wellbeing. Excellence requires anatomical knowledge, hand strength, intuitive touch, and dedication to healing through massage."
Result,PD369,Personal Training & Fitness,,I,"Personal trainers design exercise programs, motivate clients, and help people achieve fitness goals through expert guidance. They assess fitness, plan workouts, provide coaching, and support transformation. Excellence requires fitness knowledge, motivational skills, empathy for struggles, and dedication to clients' health."
Result,PD370,Yoga & Mind-Body Instruction,,I,"Yoga instructors teach yoga, meditation, and mind-body practices promoting physical, mental, and spiritual wellbeing. They lead classes, demonstrate poses, adjust students, and share philosophy. Excellence requires practice depth, teaching ability, attention to students, and dedication to yoga's transformative potential."
Result,PD371,Athletic Training & Sports Performance,,A,"Athletic trainers prevent and treat sports injuries, rehabilitate athletes, and optimize performance keeping athletes healthy and performing. They assess injuries, provide treatment, coordinate care, and support athletes. Excellence requires medical knowledge, understanding of sports demands, relationship skills with athletes, and dedication to athletic health."
Result,PD372,Sports Officiating & Umpiring,,I,"Sports officials enforce rules, make calls, and ensure fair play in athletic competitions. They know rules, make split-second judgments, manage conflict, and maintain integrity. Excellence requires rules knowledge, decisiveness, emotional control under scrutiny, and dedication to fair competition."
Result,PD373,Recreation & Activity Leadership,,E,"Recreation leaders plan and lead activities, programs, and events providing enriching experiences for participants. They organize activities, engage participants, ensure safety, and create fun. Excellence requires creativity, energy, interpersonal skills, and dedication to positive experiences enriching lives through recreation."
Result,PD374,Childcare & Early Development,,S,"Childcare workers care for young children, support development, and provide safe, nurturing environments while parents work. They supervise play, provide activities, meet needs, and support growth. Excellence requires patience, energy for active children, understanding of development, and genuine love for children."
Result,PD375,Elder Care & Senior Services,,S,"Elder care workers assist older adults with daily activities, provide companionship, and support dignity in aging. They help with personal care, provide company, ensure safety, and support independence. Excellence requires patience, respect for elders, physical stamina, and dedication to quality of life for seniors."
Result,PD376,Home Health & Personal Care,,S,"Home health aides provide personal care and assistance to people in their homes enabling independence and aging in place. They assist with bathing, dressing, meals, and daily tasks. Excellence requires compassion, reliability, respect for clients, and dedication to supporting independence."
Result,PD377,Disability Support & Services,,I,"Direct support professionals assist people with disabilities in daily living, community participation, and achieving independence. They provide support, facilitate activities, advocate, and empower. Excellence requires patience, creativity, empowerment mindset, and dedication to helping people with disabilities live full lives."
Result,PD378,Mental Health Support & Peer Services,,I,"Mental health peer specialists use their own recovery experience to support others with mental illness. They provide hope, share strategies, model recovery, and offer unique understanding. Excellence requires lived experience, empathy, boundaries, and dedication to peer support advancing recovery."
Result,PD379,Crisis Intervention & Hotline Services,,I,"Crisis counselors provide immediate support to people in mental health crises, preventing harm and connecting to resources. They listen, assess risk, de-escalate, and facilitate help. Excellence requires calm under pressure, empathy, crisis assessment skills, and dedication to helping people through darkest moments."
Result,PD380,Victim Advocacy & Support,,I,"Victim advocates support crime victims, navigate systems, and ensure rights and needs are met during trauma. They provide emotional support, explain processes, accompany to court, and empower. Excellence requires empathy, knowledge of services, advocacy skills, and dedication to supporting victims through trauma."
Result,PD381,Domestic Violence Services,,I,"Domestic violence counselors support survivors, provide safety planning, and help escape abusive situations. They offer crisis intervention, provide shelter, facilitate groups, and advocate. Excellence requires trauma knowledge, safety awareness, empowerment approach, and dedication to helping survivors despite danger and complexity."
Result,PD382,Homeless Services & Outreach,,I,"Homeless outreach workers engage unsheltered individuals, build trust, and connect to services and housing. They meet people where they are, provide resources, advocate, and support housing. Excellence requires relationship skills, persistence, non-judgment, and dedication to serving vulnerable populations society often ignores."
Result,PD383,Food Services & Nutrition Assistance,,I,"Food service workers prepare and serve meals in institutions, schools, and programs ensuring people are fed. They cook, serve, maintain safety, and provide sustenance. Excellence requires food handling knowledge, efficiency, customer service, and dedication to providing nourishing food."
Result,PD384,Custodial & Facilities Maintenance,,R,"Custodians maintain clean, safe facilities through cleaning, minor repairs, and preventive maintenance. They clean spaces, fix minor issues, ensure safety, and maintain environments. Excellence requires attention to detail, reliability, physical stamina, and pride in maintaining clean, functional spaces."
Result,PD385,Groundskeeping & Landscaping,,I,"Groundskeepers maintain lawns, gardens, and outdoor spaces ensuring attractive, functional landscapes. They mow, plant, trim, and maintain grounds. Excellence requires plant knowledge, physical stamina, attention to aesthetics, and dedication to maintaining attractive outdoor environments."
Result,PD386,Building Maintenance & Repair,,R,"Building maintenance workers perform repairs, maintain systems, and ensure facilities function properly. They fix plumbing, electrical, HVAC issues, and maintain buildings. Excellence requires versatile skills, problem-solving, reliability, and dedication to keeping buildings operating."
Result,PD387,Security Services & Protection,,I,"Security guards protect people and property, deter crime, and respond to incidents ensuring safety. They patrol areas, monitor systems, check credentials, and respond to problems. Excellence requires vigilance, judgment in confrontations, customer service, and dedication to protection despite routine tedium."
Result,PD388,Property Management & Leasing,,E,"Property managers oversee rental properties, maintain buildings, serve tenants, and protect owner investments. They lease units, collect rent, coordinate maintenance, and ensure satisfaction. Excellence requires people skills, business acumen, problem-solving, and dedication to maintaining properties and serving tenants."
Result,PD389,Customer Service & Support,,I,"Customer service representatives assist customers, resolve problems, and ensure satisfaction through helpful support. They answer questions, solve complaints, process requests, and support customers. Excellence requires communication skills, patience, problem-solving, and dedication to helping despite difficult customers."
Result,PD390,Call Center Operations,,I,"Call center agents handle high-volume customer contacts, provide information, and resolve issues efficiently. They answer calls, use scripts, meet metrics, and serve customers. Excellence requires communication skills, emotional resilience, multitasking, and dedication to service despite repetitive, stressful work."
Result,PD391,Administrative Support & Office Management,,E,"Administrative professionals coordinate office operations, support executives, and ensure smooth business functioning. They manage schedules, handle correspondence, organize files, and facilitate operations. Excellence requires organizational skills, attention to detail, discretion, and dedication to supporting others' success."
Result,PD392,Executive Administration & Support,,E,"Executive assistants support senior leaders, manage complex schedules, and handle sensitive matters requiring discretion and judgment. They coordinate calendars, prepare materials, handle communications, and facilitate leadership. Excellence requires organizational excellence, discretion, proactive thinking, and dedication to executive success."
Result,PD393,Human Resources Coordination,,I,"HR coordinators support HR functions, coordinate recruitment, maintain records, and facilitate employee services. They post jobs, screen candidates, process paperwork, and support HR. Excellence requires organizational skills, people skills, attention to confidentiality, and dedication to employee support."
Result,PD394,Benefits Administration,,I,"Benefits administrators manage employee benefits programs, enroll employees, and ensure accurate administration. They explain benefits, process enrollments, resolve issues, and coordinate programs. Excellence requires attention to detail, benefits knowledge, customer service, and dedication to helping employees navigate complex benefits."
Result,PD395,Payroll Administration & Processing,,I,"Payroll specialists process payroll, ensure accurate compensation, maintain records, and ensure compliance. They calculate pay, process deductions, file taxes, and ensure employees are paid correctly. Excellence requires attention to detail, payroll knowledge, confidentiality, and dedication to accurate, timely pay."
Result,PD396,Records & Information Management,,E,"Records managers organize, maintain, and protect organizational records ensuring access, retention, and compliance. They develop systems, ensure retention, protect information, and facilitate access. Excellence requires organizational skills, attention to detail, understanding of regulations, and dedication to information integrity."
Result,PD397,Data Entry & Information Processing,,I,"Data entry specialists input information, maintain databases, and ensure accurate data supporting organizational operations. They enter data, verify accuracy, update records, and maintain databases. Excellence requires attention to accuracy, typing speed, focus despite repetition, and dedication to data quality."
Result,PD398,Inventory Management & Control,,E,"Inventory specialists track stock levels, manage orders, and ensure product availability through accurate inventory control. They count inventory, process orders, maintain accuracy, and prevent stockouts. Excellence requires attention to detail, organizational skills, accuracy, and dedication to inventory supporting operations."
Result,PD399,Purchasing & Procurement Support,,I,"Purchasing clerks process purchase orders, coordinate with suppliers, and support procurement operations. They enter orders, track shipments, resolve discrepancies, and support buyers. Excellence requires organizational skills, attention to detail, supplier communication, and dedication to procurement supporting operations."
Result,PD400,Billing & Revenue Management,,E,"Billing specialists prepare invoices, process payments, and ensure accurate revenue collection supporting organizational finances. They generate invoices, process payments, reconcile accounts, and follow up on collections. Excellence requires attention to accuracy, customer service, persistence on collections, and dedication to organizational cash flow."
Result,PD401,Blockchain & Distributed Systems Development,,I,"Blockchain developers create decentralized applications, smart contracts, and distributed ledger technologies transforming finance and trust systems. They design consensus mechanisms, ensure cryptographic security, build DApps, and advance decentralization. Excellence requires cryptography knowledge, distributed systems understanding, programming expertise, and vision for trustless systems enabling new forms of organization and value exchange."
Result,PD402,Cryptocurrency & Digital Asset Management,,E,"Cryptocurrency professionals manage digital assets, trade cryptocurrencies, and navigate emerging digital finance ecosystems. They analyze markets, manage portfolios, ensure security, and navigate regulatory uncertainty. Excellence requires financial knowledge, technical understanding of blockchain, risk management, and comfort with volatility in rapidly evolving digital asset landscape."
Result,PD403,Cloud Platform Architecture,,I,"Cloud architects design scalable cloud infrastructure leveraging AWS, Azure, and cloud services enabling organizational agility. They select services, optimize costs, ensure security, and migrate systems. Excellence requires broad technical knowledge, understanding of cloud economics, security consciousness, and ability to design solutions balancing performance, cost, and reliability."
Result,PD404,Microservices & Container Architecture,,I,"Microservices architects design distributed applications using containers and orchestration enabling scalable, resilient systems. They decompose monoliths, manage service communication, ensure observability, and advance modern architecture. Excellence requires software architecture knowledge, understanding of distributed systems, operational thinking, and ability to manage complexity of distributed applications."
Result,PD405,Site Reliability Engineering,,I,"Site reliability engineers ensure system reliability, availability, and performance applying engineering to operations. They automate toil, manage incidents, define SLOs, and build reliable systems. Excellence requires software skills, operational knowledge, systems thinking, and dedication to reliability enabling business operations despite increasing system complexity."
Result,PD406,Data Engineering & Pipeline Development,,I,"Data engineers build data pipelines, design data architectures, and enable analytics through robust data infrastructure. They ingest data, transform at scale, ensure quality, and power analytics. Excellence requires programming skills, understanding of distributed computing, data modeling expertise, and dedication to data infrastructure enabling insights."
Result,PD407,Machine Learning Operations,,I,"MLOps engineers operationalize machine learning, deploying and maintaining ML systems in production environments. They automate training, monitor models, manage deployment, and ensure ML reliability. Excellence requires ML knowledge, software engineering skills, operational expertise, and ability to bridge data science and production operations."
Result,PD408,Natural Language Processing Engineering,,I,"NLP engineers develop language understanding systems, chatbots, and text processing applications leveraging AI. They train language models, build conversational AI, extract information, and enable human-computer communication. Excellence requires linguistics knowledge, ML expertise, programming skills, and fascination with language enabling machines to understand human communication."
Result,PD409,Computer Vision Engineering,,I,"Computer vision engineers develop image recognition, object detection, and visual AI systems enabling machines to see. They train models, optimize algorithms, deploy systems, and advance visual perception. Excellence requires ML expertise, image processing knowledge, mathematical sophistication, and vision for applications where machines interpret visual world."
Result,PD410,Internet of Things Engineering,,I,"IoT engineers develop connected devices, sensor networks, and smart systems linking physical and digital worlds. They design embedded systems, manage connectivity, ensure security, and enable smart environments. Excellence requires embedded programming, networking knowledge, understanding of sensors, and creativity envisioning connected applications improving lives."
Result,PD411,Edge Computing & Distributed Intelligence,,I,"Edge computing specialists design systems processing data at network edge enabling real-time, distributed intelligence. They optimize for latency, manage distributed deployments, ensure coordination, and advance edge architectures. Excellence requires distributed systems knowledge, networking expertise, understanding of constraints, and vision for intelligence moving closer to data sources."
Result,PD412,5G & Telecommunications Engineering,,I,"Telecom engineers design and deploy 5G networks, cellular infrastructure, and communications systems connecting world. They optimize coverage, manage spectrum, ensure capacity, and advance connectivity. Excellence requires RF engineering knowledge, networking expertise, systems thinking, and dedication to universal connectivity enabling digital society."
Result,PD413,Quantum Software Development,,I,"Quantum software developers create quantum algorithms and applications leveraging quantum computing for revolutionary capabilities. They program quantum computers, develop algorithms, solve optimization problems, and advance quantum applications. Excellence requires quantum mechanics understanding, algorithmic thinking, programming skills, and vision for quantum advantage in specific applications."
Result,PD414,Bioinformatics & Computational Biology,,I,"Bioinformaticians apply computational methods to biological data, analyzing genomes and advancing personalized medicine. They develop algorithms, analyze sequences, build databases, and extract biological insights. Excellence requires programming skills, biological knowledge, statistical expertise, and dedication to computational approaches advancing life sciences."
Result,PD415,Computational Neuroscience,,I,"Computational neuroscientists model brain function, analyze neural data, and advance understanding of cognition through computation. They build neural models, analyze brain recordings, develop theories, and bridge neuroscience and AI. Excellence requires neuroscience knowledge, mathematical sophistication, programming skills, and fascination with understanding intelligence through computation."
Result,PD416,Climate Science & Modeling,,I,"Climate scientists study Earth's climate system, develop predictive models, and advance understanding of climate change. They analyze data, run simulations, assess impacts, and inform policy. Excellence requires atmospheric science knowledge, computational skills, statistical expertise, and dedication to understanding climate crisis through rigorous science."
Result,PD417,Renewable Energy Engineering,,I,"Renewable energy engineers design solar, wind, and clean energy systems advancing sustainable energy transition. They optimize efficiency, solve integration challenges, develop technologies, and enable decarbonization. Excellence requires engineering knowledge, understanding of energy systems, innovation mindset, and commitment to climate solutions through renewable energy."
Result,PD418,Battery Technology & Energy Storage,,I,"Energy storage engineers develop battery technologies, grid storage, and energy systems enabling renewable integration. They advance chemistry, optimize systems, ensure safety, and solve storage challenges. Excellence requires electrochemistry knowledge, systems engineering, safety consciousness, and dedication to energy storage enabling clean energy transition."
Result,PD419,Carbon Capture & Climate Technology,,I,"Climate technology engineers develop carbon removal, emissions reduction, and climate mitigation technologies. They design capture systems, advance direct air capture, develop solutions, and fight climate change through technology. Excellence requires engineering expertise, climate science understanding, innovative thinking, and urgency addressing climate crisis through technological solutions."
Result,PD420,Sustainable Architecture & Green Building,,I,"Sustainable architects design energy-efficient, environmentally responsible buildings minimizing environmental impact. They optimize energy, select sustainable materials, design for climate, and advance green building. Excellence requires architectural creativity, environmental knowledge, building science expertise, and commitment to sustainable built environment."
Result,PD421,Circular Economy Design,,A,"Circular economy designers create products and systems eliminating waste through reuse, recycling, and regeneration. They design for disassembly, optimize material flows, close loops, and advance circular systems. Excellence requires systems thinking, materials knowledge, design expertise, and vision for economy eliminating waste through circular principles."
Result,PD422,Social Innovation & Impact,,I,"Social innovators develop solutions to social problems, launching ventures and initiatives creating positive change. They identify needs, design interventions, mobilize resources, and scale impact. Excellence requires entrepreneurial skills, empathy for problems, creative problem-solving, and dedication to social change through innovative approaches."
Result,PD423,Impact Investing & Analysis,,I,"Impact investors deploy capital for social and environmental returns alongside financial performance. They evaluate opportunities, measure impact, support portfolio companies, and advance values-aligned investing. Excellence requires financial analysis skills, impact measurement expertise, sector knowledge, and commitment to capital as force for good."
Result,PD424,Microfinance & Financial Inclusion,,I,"Microfinance professionals provide financial services to underserved populations, enabling economic opportunity through access to capital. They assess borrowers, manage portfolios, ensure sustainability, and advance financial inclusion. Excellence requires financial skills, cultural sensitivity, understanding of poverty, and dedication to financial access enabling entrepreneurship."
Result,PD425,International Trade & Commerce,,I,"International trade specialists facilitate cross-border commerce, navigate regulations, and enable global business. They manage exports, ensure compliance, coordinate logistics, and overcome trade barriers. Excellence requires regulatory knowledge, cultural awareness, logistics expertise, and dedication to global commerce connecting economies."
Result,PD426,Cross-Cultural Communication,,I,"Cross-cultural specialists bridge cultural differences, facilitate international collaboration, and advance intercultural understanding. They train global teams, advise on cultural issues, facilitate communication, and enable effective global work. Excellence requires cultural knowledge, language skills, empathy across difference, and dedication to connection across cultural boundaries."
Result,PD427,Global Supply Chain Strategy,,I,"Global supply chain strategists design worldwide networks optimizing efficiency, resilience, and sustainability. They coordinate across borders, manage complexity, mitigate risks, and ensure global operations. Excellence requires strategic thinking, understanding of global trade, risk management, and ability to coordinate complex international networks."
Result,PD428,Sustainable Supply Chain Management,,E,"Sustainable supply chain managers optimize environmental and social performance across supply networks. They assess suppliers, reduce emissions, ensure labor standards, and advance responsible sourcing. Excellence requires supply chain knowledge, sustainability expertise, stakeholder engagement, and commitment to responsible global operations."
Result,PD429,Corporate Social Responsibility,,I,"CSR professionals develop and implement corporate sustainability and social responsibility programs. They set goals, measure performance, engage stakeholders, and advance corporate responsibility. Excellence requires business understanding, sustainability knowledge, communication skills, and dedication to business as force for positive social impact."
Result,PD430,ESG Analysis & Reporting,,I,"ESG analysts evaluate environmental, social, and governance performance informing investment and corporate decisions. They assess companies, develop metrics, analyze data, and advance responsible business. Excellence requires analytical skills, sustainability knowledge, financial understanding, and commitment to integrating ESG into business and investment."
Result,PD431,Sustainability Consulting,,I,"Sustainability consultants advise organizations on environmental and social performance, driving responsible business practices. They assess impacts, develop strategies, implement programs, and advance sustainability. Excellence requires environmental expertise, business acumen, change management skills, and dedication to helping organizations become more sustainable."
Result,PD432,Green Finance & Sustainable Investment,,I,"Green finance professionals structure financing for environmental projects, mobilizing capital for sustainability. They develop green bonds, evaluate projects, ensure credibility, and channel investment to environmental solutions. Excellence requires financial expertise, environmental knowledge, credibility maintenance, and dedication to directing capital toward sustainability."
Result,PD433,Conservation Finance,,I,"Conservation finance specialists develop funding mechanisms protecting biodiversity and ecosystems through innovative financing. They structure deals, engage investors, ensure outcomes, and advance nature conservation through finance. Excellence requires finance skills, conservation knowledge, creativity in deal structure, and commitment to protecting nature through sustainable funding."
Result,PD434,Ecological Restoration,,I,"Restoration ecologists restore degraded ecosystems, rebuild habitats, and advance ecological recovery. They plan projects, implement restoration, monitor success, and heal damaged landscapes. Excellence requires ecology knowledge, project management, patience for slow ecological processes, and dedication to restoring nature."
Result,PD435,Marine Conservation & Ocean Science,,I,"Marine conservationists protect ocean ecosystems, advance sustainable fisheries, and conserve marine biodiversity. They conduct research, develop protections, engage communities, and safeguard oceans. Excellence requires marine biology knowledge, policy understanding, stakeholder engagement, and commitment to ocean conservation despite vastness of marine challenges."
Result,PD436,Wildlife Biology & Management,,E,"Wildlife biologists study animal populations, manage habitats, and conserve species through science-based management. They monitor wildlife, assess threats, develop plans, and protect biodiversity. Excellence requires biological knowledge, fieldwork stamina, data analysis skills, and dedication to wildlife conservation despite competing land uses."
Result,PD437,Fisheries Management & Aquatic Science,,E,"Fisheries managers ensure sustainable harvests, protect aquatic ecosystems, and balance conservation with fishing. They assess stocks, set quotas, enforce regulations, and maintain sustainable fisheries. Excellence requires fisheries science knowledge, understanding of ecosystems, stakeholder engagement, and commitment to sustainability in marine resources."
Result,PD438,Soil Science & Conservation,,I,"Soil scientists study soil properties, promote conservation, and advance sustainable land management. They analyze soils, develop practices, address degradation, and protect soil resources. Excellence requires soil knowledge, agricultural understanding, research skills, and dedication to protecting soil enabling food production and ecosystem function."
Result,PD439,Hydrology & Water Resources,,I,"Hydrologists study water movement, manage water resources, and ensure sustainable water use. They analyze watersheds, model flows, develop plans, and address water challenges. Excellence requires hydrologic knowledge, data analysis skills, systems thinking, and dedication to water resources sustaining life and ecosystems."
Result,PD440,Climate Adaptation & Resilience,,I,"Climate adaptation specialists help communities prepare for climate impacts, building resilience to unavoidable changes. They assess vulnerabilities, develop strategies, implement measures, and advance adaptation. Excellence requires climate knowledge, planning skills, community engagement, and dedication to helping societies adapt to changing climate."
Result,PD441,Disaster Risk Reduction,,I,"Disaster risk specialists reduce vulnerability to natural hazards, strengthening resilience before disasters strike. They assess risks, develop mitigation, build capacity, and prevent disasters. Excellence requires hazard knowledge, risk analysis, community engagement, and dedication to prevention reducing suffering from natural disasters."
Result,PD442,Humanitarian Aid & Relief,,I,"Humanitarian workers provide emergency assistance during crises, delivering aid to affected populations. They assess needs, coordinate relief, distribute aid, and respond to emergencies. Excellence requires logistics skills, cultural sensitivity, composure in chaos, and dedication to helping vulnerable people during crises despite difficult conditions."
Result,PD443,Refugee Services & Resettlement,,I,"Refugee specialists support displaced people, facilitate resettlement, and help refugees rebuild lives. They provide services, navigate systems, advocate for rights, and support integration. Excellence requires cultural sensitivity, trauma awareness, advocacy skills, and dedication to helping refugees despite political challenges."
Result,PD444,Peace & Conflict Resolution,,I,"Peace practitioners work to prevent, resolve, and transform conflicts through dialogue and intervention. They mediate disputes, facilitate reconciliation, build peace, and address violence. Excellence requires conflict analysis, mediation skills, cultural sensitivity, and courage working for peace in dangerous situations."
Result,PD445,Human Rights Advocacy & Investigation,,I,"Human rights advocates investigate abuses, document violations, and advance human rights through advocacy. They investigate cases, engage UN systems, pressure governments, and fight injustice. Excellence requires legal knowledge, investigative skills, courage confronting power, and unwavering commitment to universal human rights."
Result,PD446,Democracy & Governance Programs,,I,"Democracy practitioners strengthen democratic institutions, support civil society, and advance good governance. They train activists, monitor elections, support reform, and build democratic capacity. Excellence requires political science knowledge, facilitation skills, cultural awareness, and dedication to democratic values despite authoritarian pushback."
Result,PD447,Election Administration & Integrity,,I,"Election officials conduct free and fair elections, ensuring democratic processes function with integrity. They manage polls, ensure access, count votes, and safeguard democracy. Excellence requires attention to detail, impartiality despite pressure, dedication to procedures, and commitment to democratic legitimacy through credible elections."
Result,PD448,Intelligence Analysis & Security,,I,"Intelligence analysts assess threats, analyze information, and support national security decisions through rigorous analysis. They evaluate sources, identify patterns, brief policymakers, and protect nations. Excellence requires analytical thinking, attention to detail, writing skills, and dedication to security through objective analysis."
Result,PD449,Counterterrorism & Security Analysis,,I,"Counterterrorism specialists analyze terrorist threats, develop strategies, and protect against violent extremism. They track networks, assess risks, coordinate responses, and prevent attacks. Excellence requires analytical skills, cultural knowledge, persistence tracking threats, and dedication to preventing terrorism protecting civilians."
Result,PD450,Cybersecurity Operations & Defense,,I,"Cybersecurity defenders monitor networks, respond to incidents, and protect against cyber threats through vigilant defense. They detect intrusions, contain breaches, hunt threats, and safeguard systems. Excellence requires technical depth, pattern recognition, calm in crisis, and dedication to defending critical systems from persistent adversaries."
Result,PD451,Digital Forensics & Incident Response,,I,"Digital forensic specialists investigate cyber incidents, preserve evidence, and support prosecution of cybercrimes. They analyze systems, recover data, document findings, and testify about technical evidence. Excellence requires technical expertise, attention to evidence integrity, legal understanding, and dedication to justice in digital realm."
Result,PD452,Threat Intelligence & Analysis,,I,"Threat intelligence analysts track cyber adversaries, analyze tactics, and provide actionable intelligence defending networks. They research threats, identify patterns, predict attacks, and enable defense. Excellence requires technical knowledge, analytical thinking, research skills, and dedication to understanding adversaries enabling proactive defense."
Result,PD453,Penetration Testing & Ethical Hacking,,I,"Penetration testers identify vulnerabilities through authorized hacking, helping organizations strengthen security before attackers exploit weaknesses. They simulate attacks, find vulnerabilities, report findings, and improve security. Excellence requires hacking skills, ethical boundaries, communication abilities, and dedication to helping organizations secure systems."
Result,PD454,Security Architecture & Engineering,,I,"Security architects design secure systems, develop security frameworks, and embed security throughout technology environments. They assess risks, design controls, ensure compliance, and build security in. Excellence requires deep security knowledge, systems thinking, business understanding, and dedication to security by design rather than afterthought."
Result,PD455,Privacy & Data Protection,,I,"Privacy professionals ensure data protection, comply with regulations, and safeguard personal information. They develop policies, assess privacy risks, respond to requests, and protect privacy rights. Excellence requires regulatory knowledge, attention to detail, ethical commitment, and dedication to privacy as fundamental right in digital age."
Result,PD456,Fraud Detection & Prevention,,I,"Fraud analysts identify fraudulent activity, develop detection systems, and protect organizations from financial crimes. They analyze patterns, investigate suspicious activity, implement controls, and prevent losses. Excellence requires analytical thinking, attention to anomalies, investigative skills, and dedication to protecting organizations from sophisticated fraud."
Result,PD457,Anti-Money Laundering Compliance,,I,"AML specialists detect money laundering, ensure regulatory compliance, and combat financial crimes. They monitor transactions, investigate alerts, file reports, and prevent illicit finance. Excellence requires regulatory knowledge, analytical skills, attention to patterns, and dedication to fighting financial crimes funding terrorism and organized crime."
Result,PD458,White Collar Crime Investigation,,I,"Financial crime investigators examine fraud, embezzlement, and corporate crimes bringing white collar criminals to justice. They analyze records, trace funds, build cases, and support prosecution. Excellence requires accounting knowledge, investigative skills, persistence through complex cases, and dedication to accountability for financial crimes."
Result,PD459,Corporate Governance & Compliance,,I,"Corporate governance professionals ensure board effectiveness, regulatory compliance, and ethical business practices. They advise boards, ensure compliance, manage risk, and advance governance. Excellence requires legal knowledge, business acumen, ethical integrity, and dedication to responsible corporate leadership."
Result,PD460,Internal Audit & Risk Assessment,,I,"Internal auditors evaluate controls, identify risks, and ensure organizational processes function as intended. They assess operations, test controls, recommend improvements, and provide assurance. Excellence requires analytical skills, skepticism, communication abilities, and independence providing objective assessment protecting organizations."
Result,PD461,Forensic Accounting & Investigation,,I,"Forensic accountants investigate financial fraud, analyze complex transactions, and provide expert testimony in legal proceedings. They trace funds, reconstruct records, quantify damages, and support litigation. Excellence requires accounting expertise, investigative skills, attention to detail, and dedication to financial truth in legal contexts."
Result,PD462,Mergers & Acquisitions Advisory,,I,"M&A advisors guide companies through acquisitions, mergers, and strategic transactions creating shareholder value. They value companies, structure deals, negotiate terms, and close transactions. Excellence requires financial modeling, deal experience, negotiation skills, and dedication to successful transactions despite complexity and uncertainty."
Result,PD463,Corporate Strategy & Development,,I,"Corporate strategists develop long-term plans, identify opportunities, and guide organizational direction. They analyze markets, evaluate options, recommend strategy, and shape futures. Excellence requires strategic thinking, analytical skills, communication abilities, and ability to see patterns and opportunities others miss."
Result,PD464,Business Development & Partnerships,,A,"Business development professionals identify opportunities, forge partnerships, and drive organizational growth. They pursue deals, negotiate agreements, build relationships, and expand business. Excellence requires sales skills, strategic thinking, relationship building, and persistence pursuing opportunities despite frequent rejection."
Result,PD465,Venture Capital & Entrepreneurship,,I,"Venture capitalists invest in startups, support entrepreneurs, and generate returns through early-stage investing. They evaluate opportunities, add value, guide strategy, and build companies. Excellence requires business judgment, pattern recognition, relationship skills, and comfort with risk backing unproven ventures."
Result,PD466,Startup Founding & Leadership,,A,"Entrepreneurs start companies, build teams, and create value through new ventures addressing market needs. They identify opportunities, raise capital, build products, and drive growth. Excellence requires vision, resilience, resourcefulness, and willingness to risk failure pursuing ideas others don't see."
Result,PD467,Product Innovation & Design Thinking,,A,"Innovation specialists apply design thinking developing novel products and services meeting user needs. They research users, ideate solutions, prototype rapidly, and drive innovation. Excellence requires empathy, creativity, systems thinking, and dedication to human-centered innovation solving real problems."
Result,PD468,Customer Experience Design,,A,"CX designers optimize end-to-end customer journeys, ensuring seamless, delightful experiences across touchpoints. They map journeys, identify pain points, design improvements, and enhance satisfaction. Excellence requires empathy, service design skills, data analysis, and dedication to experiences earning customer loyalty."
Result,PD469,Service Design & Operations,,A,"Service designers create and improve service delivery systems ensuring quality experiences and operational efficiency. They design services, map processes, prototype systems, and optimize delivery. Excellence requires systems thinking, design skills, operational understanding, and dedication to services that work seamlessly."
Result,PD470,Organizational Psychology & Development,,I,"Organizational psychologists apply psychology improving workplace effectiveness, culture, and employee experience. They assess culture, design interventions, support change, and enhance organizations. Excellence requires psychology knowledge, research skills, consulting abilities, and dedication to humanizing work through applied psychology."
Result,PD471,Talent Development & Learning,,I,"Learning and development professionals design training, develop talent, and build organizational capabilities. They assess needs, design curricula, facilitate learning, and evaluate impact. Excellence requires instructional design skills, subject expertise, facilitation abilities, and dedication to developing people enabling organizational success."
Result,PD472,Leadership Development & Coaching,,E,"Leadership developers build leadership capabilities through coaching, training, and development programs. They coach leaders, design programs, assess leadership, and advance capability. Excellence requires leadership knowledge, coaching skills, emotional intelligence, and dedication to developing leaders at all levels."
Result,PD473,Change Management & Transformation,,E,"Change managers guide organizational transformations, managing resistance and driving adoption of changes. They plan change, engage stakeholders, communicate vision, and ensure adoption. Excellence requires change methodology, influence skills, empathy for resistance, and persistence seeing transformations through despite obstacles."
Result,PD474,Culture & Employee Engagement,,I,"Culture professionals shape organizational culture, measure engagement, and create workplaces where people thrive. They assess culture, design interventions, engage employees, and advance positive culture. Excellence requires psychology understanding, data analysis, communication skills, and dedication to workplaces bringing out best in people."
Result,PD475,Diversity Equity & Inclusion,,I,"Diversity, Equity, and Inclusion (DEI) specialists develop strategies and programs to foster a more equitable and representative workforce. They audit policies, conduct training, support affinity groups, and work to eliminate systemic bias within organizations. Excellence requires high emotional intelligence, deep knowledge of social dynamics, persistence through cultural resistance, and a commitment to creating environments where every individual can thrive regardless of background."
Result,PD476,Labor & Employment Relations,,I,"Labor relations professionals manage union relationships, negotiate contracts, and maintain productive labor partnerships. They bargain contracts, resolve grievances, ensure compliance, and foster cooperation. Excellence requires negotiation skills, labor law knowledge, relationship building, and dedication to productive labor-management relations."
Result,PD477,Workplace Mediation & Conflict,,A,"Workplace mediators resolve employee conflicts, facilitate difficult conversations, and restore productive relationships. They mediate disputes, coach managers, design processes, and prevent escalation. Excellence requires neutrality, emotional intelligence, conflict resolution skills, and dedication to healthy workplace relationships."
Result,PD478,Performance Management & Evaluation,,A,"Performance management specialists design systems evaluating, developing, and rewarding employee performance. They create frameworks, train managers, analyze data, and drive performance. Excellence requires psychology understanding, data skills, change management, and dedication to fair, effective performance management."
Result,PD479,Compensation & Total Rewards,,I,"Compensation professionals design pay and benefits systems attracting, retaining, and motivating talent. They analyze markets, design structures, ensure equity, and manage costs. Excellence requires analytical skills, market knowledge, understanding of motivation, and ability to balance employee needs with budget realities."
Result,PD480,Employee Benefits & Wellness,,I,"Benefits professionals design and administer health, retirement, and wellness programs supporting employee wellbeing. They evaluate options, negotiate with vendors, educate employees, and manage programs. Excellence requires benefits knowledge, analytical skills, vendor management, and dedication to employee health and financial security."
Result,PD481,Retirement Planning & Pension Management,,E,"Retirement specialists design pension plans, manage retirement assets, and ensure retirement security. They design plans, invest assets, ensure compliance, and serve participants. Excellence requires investment knowledge, regulatory expertise, fiduciary mindset, and dedication to retirement security for workers."
Result,PD482,Wealth Management & Financial Advisory,,E,"Wealth managers provide comprehensive financial advice to high-net-worth individuals, managing investments and financial planning. They develop plans, manage portfolios, minimize taxes, and serve wealthy clients. Excellence requires financial expertise, investment skills, relationship abilities, and fiduciary dedication to client interests."
Result,PD483,Estate Planning & Trust Management,,E,"Estate planners help clients transfer wealth, minimize taxes, and achieve legacy goals through trusts and estate plans. They design strategies, draft documents, coordinate advisors, and facilitate wealth transfer. Excellence requires tax knowledge, legal understanding, empathy for family dynamics, and dedication to helping clients achieve legacy goals."
Result,PD484,Financial Literacy & Education,,S,"Financial educators teach personal finance, build financial capability, and empower people to make informed money decisions. They develop curricula, deliver workshops, provide counseling, and advance financial literacy. Excellence requires financial knowledge, teaching ability, empathy for struggles, and dedication to financial empowerment."
Result,PD485,Credit Counseling & Debt Management,,S,"Credit counselors help people overcome debt, improve credit, and achieve financial stability through education and planning. They assess situations, develop plans, negotiate with creditors, and support recovery. Excellence requires financial knowledge, counseling skills, non-judgment, and dedication to helping people escape debt."
Result,PD486,Mortgage Lending & Underwriting,,A,"Mortgage professionals originate and underwrite home loans, enabling homeownership through responsible lending. They evaluate borrowers, structure loans, assess risk, and approve financing. Excellence requires financial analysis, credit judgment, customer service, and dedication to responsible lending enabling dreams while managing risk."
Result,PD487,Commercial Real Estate,,I,"Commercial real estate professionals lease, develop, and invest in office, retail, and industrial properties. They analyze markets, negotiate leases, develop properties, and manage portfolios. Excellence requires market knowledge, financial analysis, negotiation skills, and vision seeing value and potential in properties."
Result,PD488,Property Development & Construction,,R,"Real estate developers acquire land, plan projects, manage construction, and create properties meeting market needs. They identify opportunities, secure financing, oversee construction, and deliver projects. Excellence requires vision, financial skills, construction knowledge, and persistence bringing complex projects to completion."
Result,PD489,Facility & Property Management,,E,"Facility managers oversee properties ensuring they function efficiently, safely, and cost-effectively. They maintain buildings, manage vendors, control costs, and serve tenants. Excellence requires technical knowledge, vendor management, budget discipline, and dedication to facilities supporting tenant operations."
Result,PD490,Appraisal & Property Valuation,,I,"Real estate appraisers determine property values providing objective assessments for transactions and lending. They inspect properties, analyze markets, apply methods, and estimate values. Excellence requires valuation knowledge, analytical skills, attention to detail, and independence providing credible values stakeholders trust."
Result,PD491,Land Use Planning & Zoning,,I,"Land use planners develop regulations guiding development, balancing growth with community character and environmental protection. They draft ordinances, review applications, facilitate processes, and shape development. Excellence requires planning knowledge, political awareness, stakeholder engagement, and dedication to smart growth protecting communities."
Result,PD492,Historic Preservation & Conservation,,I,"Preservation specialists protect historic buildings and cultural heritage, balancing preservation with contemporary use. They document sites, advocate protection, review projects, and maintain heritage. Excellence requires historical knowledge, architectural understanding, passion for heritage, and dedication to protecting irreplaceable historic resources."
Result,PD493,Museum Curation & Collections,,I,"Museum curators preserve collections, develop exhibitions, and share cultural and scientific heritage with public. They acquire objects, research collections, develop exhibitions, and educate. Excellence requires subject expertise, research skills, exhibition design, and dedication to preserving and interpreting collections for public benefit."
Result,PD494,Archival & Historical Records,,I,"Archivists preserve historical records, organize collections, and make historical materials accessible for research. They appraise records, preserve materials, arrange collections, and assist researchers. Excellence requires archival knowledge, historical understanding, attention to preservation, and dedication to maintaining documentary heritage."
Result,PD495,Library Science & Information,,I,"Librarians organize information, assist patrons, promote literacy, and provide access to knowledge serving communities. They build collections, teach research, assist users, and champion intellectual freedom. Excellence requires information skills, technology proficiency, public service orientation, and dedication to information access as public good."
Result,PD496,Publishing & Editorial Leadership,,E,"Publishers guide literary works to market, making editorial decisions and managing publishing operations. They acquire manuscripts, edit content, manage production, and bring books to readers. Excellence requires literary judgment, business acumen, editorial skill, and dedication to quality publishing serving readers and authors."
Result,PD497,Literary Representation & Agenting,,I,"Literary agents represent authors, negotiate contracts, and guide careers helping writers succeed in publishing. They evaluate manuscripts, pitch publishers, negotiate deals, and advise authors. Excellence requires literary judgment, negotiation skills, industry knowledge, and dedication to authors' success."
Result,PD498,Film & Television Production Management,,A,"Production managers coordinate film and television projects ensuring productions deliver on time and budget. They manage budgets, schedule shoots, hire crews, and solve problems. Excellence requires organizational skills, creative understanding, problem-solving under pressure, and dedication to completing productions despite inevitable challenges."
Result,PD499,Screenwriting & Story Development,,A,"Screenwriters create scripts for film and television, crafting compelling stories and memorable characters. They develop concepts, write dialogue, structure narratives, and bring stories to screen. Excellence requires storytelling ability, understanding of visual medium, persistence through revision, and talent creating stories resonating with audiences."
Result,PD500,Cinematography & Visual Storytelling,,I,"Cinematographers capture moving images, making visual decisions that shape how stories are told through film and video. They design shots, manage lighting, operate cameras, and create visual style. Excellence requires artistic vision, technical mastery, collaboration with directors, and ability to tell stories through powerful imagery."
Result,PD501,Film Editing & Post-Production,,A,"Film editors shape final films, assembling footage and making creative decisions that determine pacing and emotional impact. They select takes, establish rhythm, collaborate with directors, and craft narratives. Excellence requires storytelling sense, technical skill, patience for detailed work, and ability to see potential in raw footage."
Result,PD502,Documentary Filmmaking,,A,"Documentary filmmakers investigate subjects, capture reality, and tell true stories revealing important truths. They research topics, film subjects, shape narratives, and inform audiences. Excellence requires journalistic ethics, storytelling ability, technical skills, and dedication to truth-telling through powerful documentary work."
Result,PD503,Broadcast Journalism & News,,I,"Broadcast journalists report news for television and radio, informing public about events and issues. They research stories, conduct interviews, write scripts, and deliver news. Excellence requires journalistic skills, on-camera presence, quick thinking, and dedication to informing public despite commercial pressures."
Result,PD504,Investigative Journalism,,I,"Investigative journalists uncover wrongdoing, expose injustice, and hold power accountable through in-depth reporting. They investigate corruption, analyze documents, protect sources, and reveal truth. Excellence requires tenacity, research skills, courage confronting power, and dedication to accountability journalism serving democracy."
Result,PD505,Sports Journalism & Broadcasting,,I,"Sports journalists cover athletics, analyze games, and tell sports stories connecting fans to teams and athletes. They report games, interview athletes, provide analysis, and chronicle sports. Excellence requires sports knowledge, writing ability, interviewing skills, and passion for sports storytelling."
Result,PD506,Arts & Culture Criticism,,A,"Critics evaluate artistic works, provide informed commentary, and guide public appreciation of arts and culture. They review performances, analyze works, develop perspectives, and shape discourse. Excellence requires artistic knowledge, critical thinking, writing ability, and dedication to thoughtful criticism advancing arts appreciation."
Result,PD507,Public Relations & Media Strategy,,A,"PR strategists develop communication plans, manage media relations, and shape public perception protecting and advancing organizational reputations. They craft messages, pitch stories, manage crises, and build relationships with journalists. Excellence requires strategic thinking, media savvy, communication skills, and dedication to truthful representation while advancing client interests."
Result,PD508,Corporate Communications,,I,"Corporate communicators manage internal and external communications ensuring consistent, effective organizational messaging. They write communications, manage channels, support executives, and advance reputation. Excellence requires writing skills, strategic thinking, stakeholder understanding, and dedication to clear communication supporting organizational goals."
Result,PD509,Crisis Communication & Management,,E,"Crisis communicators manage organizational communication during crises, protecting reputation while addressing serious challenges. They prepare plans, manage responses, communicate with stakeholders, and guide through crises. Excellence requires calm under pressure, strategic thinking, communication skills, and dedication to transparency and responsibility during difficult times."
Result,PD510,Speechwriting & Executive Communication,,A,"Speechwriters craft speeches for leaders, translating ideas into compelling words moving audiences. They research topics, write drafts, revise based on feedback, and give voice to leaders. Excellence requires writing ability, understanding of rhetoric, adaptability to different voices, and dedication to words inspiring action."
Result,PD511,Graphic Communication Design,,A,"Graphic designers create visual communications, combining typography and imagery to convey messages effectively. They design layouts, develop concepts, select typography, and create visual communications. Excellence requires design sense, technical skills, understanding of communication, and ability to translate ideas into compelling visual form."
Result,PD512,Brand Identity & Logo Design,,A,"Brand designers create visual identities, logos, and brand systems that become recognizable symbols of organizations. They develop concepts, design marks, create guidelines, and build brands. Excellence requires design skill, strategic thinking, understanding of perception, and ability to distill organizations into memorable visual identities."
Result,PD513,Package Design & Product Graphics,,A,"Package designers create product packaging that protects, informs, and persuades consumers. They design structures, create graphics, ensure functionality, and drive sales. Excellence requires design skills, understanding of materials, marketing knowledge, and creativity making products stand out on crowded shelves."
Result,PD514,Motion Graphics & Animation,,I,"Motion designers create animated graphics for film, television, and digital media bringing static designs to life. They animate typography, create effects, design sequences, and add visual interest. Excellence requires design sense, animation skills, timing understanding, and creativity using motion to enhance communication."
Result,PD515,Information Design & Data Visualization,,A,"Information designers translate complex data into clear, engaging visual representations making information accessible. They analyze data, design charts, create infographics, and enable understanding. Excellence requires design skills, data literacy, clarity of thinking, and dedication to making complex information comprehensible."
Result,PD516,Illustration & Visual Storytelling,,A,"Illustrators create original images for books, magazines, advertising, and media telling stories through pictures. They develop concepts, create artwork, work with art directors, and bring ideas to visual life. Excellence requires drawing ability, conceptual thinking, versatility across styles, and dedication to visual storytelling."
Result,PD517,Character Design & Development,,A,"Character designers create memorable characters for animation, games, and media giving personality visual form. They sketch concepts, develop personalities, refine designs, and create characters people love. Excellence requires drawing skill, understanding of personality, creativity, and ability to create characters resonating emotionally."
Result,PD518,Concept Art & Visual Development,,A,"Concept artists develop visual concepts for films, games, and projects, establishing visual direction for productions. They sketch ideas, explore aesthetics, create mood, and guide visual development. Excellence requires artistic skill, imagination, understanding of storytelling, and ability to rapidly visualize concepts."
Result,PD519,Environment & Background Design,,A,"Environment designers create settings for animation, games, and media establishing where stories take place. They design spaces, establish atmosphere, create worlds, and support narratives. Excellence requires artistic skill, architectural understanding, world-building creativity, and dedication to environments enhancing stories."
Result,PD520,Storyboarding & Visual Planning,,I,"Storyboard artists plan visual sequences, translating scripts into sequential images guiding film and animation production. They sketch shots, establish pacing, solve visual problems, and plan sequences. Excellence requires drawing ability, understanding of cinematography, storytelling sense, and ability to think visually about narrative."
Result,PD521,Comic Book & Sequential Art,,A,"Comic artists tell stories through sequential art, combining words and pictures in unique narrative medium. They draw panels, establish pacing, design pages, and create graphic narratives. Excellence requires drawing skill, understanding of sequential storytelling, page design sense, and dedication to unique art form."
Result,PD522,Tattoo Artistry & Body Art,,A,"Tattoo artists create permanent art on human bodies, combining artistic skill with technical precision and client service. They design custom pieces, apply tattoos, ensure safety, and create lasting art. Excellence requires artistic ability, steady hands, understanding of heads, and respect for permanence of work."
Result,PD523,Makeup Artistry & Special Effects,,A,"Makeup artists enhance appearance and create effects for film, theater, fashion, and special occasions. They design looks, apply makeup, create characters, and transform appearances. Excellence requires artistic skill, understanding of faces, technical knowledge, and creativity using makeup as transformative medium."
Result,PD524,Costume Design & Wardrobe,,A,"Costume designers create clothing for productions, using dress to define characters and establish periods and worlds. They research periods, sketch designs, source materials, and dress characters. Excellence requires fashion knowledge, historical understanding, storytelling through clothing, and ability to support narratives through dress."
Result,PD525,Scenic & Production Design,,A,"Scenic designers create physical environments for theater, film, and events bringing scripts and visions to three-dimensional reality. They design sets, create renderings, coordinate construction, and realize environments. Excellence requires design skills, technical knowledge, collaboration abilities, and vision creating spaces supporting storytelling."
Result,PD526,Lighting Design & Technical Direction,,A,"Lighting designers create illumination for performances and events, using light to establish mood and focus attention. They design lighting, program systems, coordinate crews, and shape experiences through light. Excellence requires understanding of light, technical knowledge, artistic sensibility, and ability to enhance performances through illumination."
Result,PD527,Sound Design & Audio Production,,A,"Sound designers create audio for film, theater, games, and media, using sound to enhance emotion and storytelling. They record sounds, design effects, mix audio, and craft sonic experiences. Excellence requires audio knowledge, creative thinking, technical skills, and understanding how sound shapes emotional experience."
Result,PD528,Music Supervision & Licensing,,A,"Music supervisors select and license music for film, television, and media enhancing stories through perfect musical choices. They choose songs, negotiate licenses, coordinate recording, and use music to support storytelling. Excellence requires musical knowledge, licensing expertise, creative judgment, and ability to find perfect music for moments."
Result,PD529,Music Theory & Composition Education,,A,"Music theory teachers develop students' understanding of musical structure, harmony, and composition. They teach concepts, analyze works, guide composition, and deepen musical understanding. Excellence requires deep musical knowledge, teaching ability, analytical skills, and dedication to musical literacy."
Result,PD530,Instrumental & Performance Education,,A,"Music teachers develop students' instrumental and vocal abilities through lessons and ensemble direction. They teach technique, select repertoire, conduct groups, and nurture musical talent. Excellence requires musical expertise, teaching patience, motivational skills, and dedication to musical development."
Result,PD531,Arts Administration & Management,,A,"Arts administrators manage arts organizations, balancing artistic mission with financial sustainability. They raise funds, manage operations, support artists, and advance arts organizations. Excellence requires business skills, arts understanding, fundraising ability, and dedication to supporting arts despite financial constraints."
Result,PD532,Gallery & Art Dealing,,A,"Gallery professionals exhibit and sell artwork, connecting artists with collectors and supporting art markets. They curate shows, represent artists, cultivate collectors, and support artistic careers. Excellence requires artistic knowledge, business skills, relationship building, and dedication to supporting artists while running viable businesses."
Result,PD533,Art Conservation & Restoration,,A,"Art conservators preserve and restore artworks, protecting cultural heritage for future generations. They assess condition, perform treatments, prevent deterioration, and maintain artworks. Excellence requires scientific knowledge, manual dexterity, art history understanding, and dedication to preserving irreplaceable cultural treasures."
Result,PD534,Arts Therapy & Creative Expression,,A,"Arts therapists use creative processes to support healing, personal growth, and mental health treatment. They facilitate art-making, support expression, interpret meaning, and advance therapeutic goals. Excellence requires artistic skills, therapy training, empathy, and belief in art's healing power."
Result,PD535,Music Therapy & Healing,,A,"Music therapists use music to address physical, emotional, cognitive, and social needs in therapeutic settings. They assess clients, design interventions, facilitate music-making, and support healing. Excellence requires musical ability, clinical training, empathy, and dedication to music as therapeutic tool."
Result,PD536,Recreational Therapy & Activity,,S,"Recreational therapists use recreation and activities to improve functioning and independence of people with disabilities or illnesses. They assess needs, plan activities, facilitate participation, and support recovery. Excellence requires activity knowledge, clinical understanding, creativity, and dedication to improving lives through recreation."
Result,PD537,Dance Therapy & Movement,,A,"Dance therapists use movement to support mental health, physical rehabilitation, and emotional wellbeing. They facilitate movement, interpret expression, support integration, and advance therapeutic goals. Excellence requires dance training, therapy education, somatic awareness, and belief in movement's healing power."
Result,PD538,Drama Therapy & Psychodrama,,S,"Drama therapists use theatrical techniques to explore emotions, develop insight, and support therapeutic change. They facilitate role-play, support exploration, ensure safety, and advance healing through drama. Excellence requires theater training, therapy education, group facilitation skills, and dedication to therapeutic theater."
Result,PD539,Expressive Arts Therapy,,A,"Expressive arts therapists integrate multiple art forms supporting healing through creative expression. They facilitate multi-modal expression, support integration, and advance therapeutic goals through arts. Excellence requires training across arts, therapy education, creativity, and holistic approach to healing through creative expression."
Result,PD540,Holistic Health & Integrative Medicine,,I,"Integrative health practitioners combine conventional and complementary approaches treating whole persons. They assess holistically, recommend therapies, coordinate care, and support wellness. Excellence requires broad health knowledge, open-mindedness, evidence awareness, and dedication to comprehensive approaches to health."
Result,PD541,Functional Medicine Practice,,I,"Functional medicine practitioners address root causes of disease through systems-oriented, personalized approaches. They investigate underlying factors, develop comprehensive plans, address lifestyle, and restore health. Excellence requires medical knowledge, systems thinking, patience for complex cases, and dedication to root-cause medicine."
Result,PD542,Health Coaching & Wellness,,I,"Health coaches support clients making lifestyle changes, achieving health goals through motivation and accountability. They assess readiness, develop plans, provide support, and facilitate behavior change. Excellence requires health knowledge, coaching skills, motivational interviewing, and dedication to empowering healthy choices."
Result,PD543,Personal Chef & Culinary Services,,I,"Personal chefs prepare meals in clients' homes, providing customized culinary services and convenience. They plan menus, shop for ingredients, cook meals, and serve households. Excellence requires culinary skills, menu planning, dietary knowledge, and dedication to quality food and client service."
Result,PD544,Wine & Beverage Education,,S,"Wine educators teach about wine, spirits, and beverages developing appreciation and knowledge. They lead tastings, teach courses, share knowledge, and advance beverage education. Excellence requires beverage expertise, teaching ability, sensory skills, and passion for sharing beverage knowledge."
Result,PD545,Food Photography & Styling,,A,"Food photographers and stylists create appetizing images of food for advertising, media, and marketing. They style dishes, arrange compositions, photograph food, and make food look irresistible. Excellence requires photography skills, styling abilities, understanding of food, and artistry making food visually compelling."
Result,PD546,Pet Training & Animal Behavior,,I,"Pet trainers teach obedience, solve behavior problems, and strengthen human-animal bonds through positive training. They assess behavior, develop plans, teach skills, and support pet owners. Excellence requires animal behavior knowledge, patience, communication with owners, and dedication to positive methods building relationships."
Result,PD547,Equestrian Training & Horsemanship,,I,"Equestrian professionals train horses and riders, developing skills and partnerships between humans and horses. They teach riding, train horses, ensure safety, and advance horsemanship. Excellence requires riding expertise, teaching ability, horse knowledge, and dedication to respectful partnerships with horses."
Result,PD548,Aquarium & Marine Systems,,I,"Aquarists maintain aquariums and marine exhibits, caring for aquatic life and educating public about oceans. They maintain systems, care for animals, educate visitors, and promote conservation. Excellence requires marine biology knowledge, husbandry skills, mechanical aptitude, and dedication to aquatic life and ocean conservation."
Result,PD549,Zoological Care & Management,,S,"Zookeepers care for captive wildlife, ensuring animal welfare while educating public about conservation. They feed animals, maintain habitats, monitor health, and provide enrichment. Excellence requires animal knowledge, physical stamina, attention to wellbeing, and dedication to conservation through quality animal care."
Result,PD550,Professional Organizing & Decluttering,,I,"Professional organizers help clients organize spaces, declutter possessions, and create functional systems. They assess spaces, develop systems, guide decisions, and transform environments. Excellence requires organizational thinking, non-judgment, teaching ability, and dedication to helping people through organizing challenges."
Result,PD551,Concierge & Lifestyle Management,,E,"Concierges provide personalized assistance, arrange services, and solve problems for clients seeking convenience. They handle requests, coordinate services, solve problems, and provide white-glove service. Excellence requires resourcefulness, relationship building, attention to detail, and dedication to exceeding client expectations."
Result,PD552,Wedding Planning & Coordination,,I,"Wedding planners orchestrate weddings, managing details and ensuring couples' special days unfold smoothly. They coordinate vendors, manage timelines, solve problems, and create memorable celebrations. Excellence requires organizational skills, vendor relationships, grace under pressure, and dedication to perfect days for couples."
Result,PD553,Event Decoration & Design,,A,"Event designers create visual concepts and atmospheres for events, transforming spaces into memorable environments. They design concepts, select décor, coordinate installation, and create experiences. Excellence requires design sense, spatial thinking, vendor coordination, and creativity transforming spaces supporting event goals."
Result,PD554,Catering & Food Service,,I,"Caterers provide food services for events, preparing and serving meals for gatherings and celebrations. They plan menus, prepare food, coordinate service, and feed guests. Excellence requires culinary skills, organization, flexibility, and dedication to quality food and service despite event pressures."
Result,PD555,Floral Design & Artistry,,A,"Floral designers create arrangements and designs using flowers and plants for events, gifts, and spaces. They design arrangements, select flowers, create installations, and work with natural beauty. Excellence requires artistic sense, botanical knowledge, manual skills, and appreciation for ephemeral beauty of flowers."
Result,PD556,Sommelier & Wine Service,,I,"Sommeliers guide wine selection and service in fine dining, enhancing meals through expert wine knowledge. They recommend pairings, manage cellars, train staff, and elevate dining. Excellence requires wine expertise, service skills, palate development, and dedication to wine enhancing dining experiences."
Result,PD557,Craft Brewing & Beer Production,,I,"Craft brewers create artisanal beers, developing recipes and operating breweries producing distinctive beers. They develop recipes, brew beer, ensure quality, and build brands. Excellence requires brewing science, creativity in recipes, quality control, and passion for craft beer."
Result,PD558,Distilling & Spirits Production,,I,"Distillers produce spirits, operating distilleries and creating whiskey, gin, and other distilled beverages. They distill alcohol, age spirits, develop products, and maintain quality. Excellence requires distilling knowledge, patience for aging, quality focus, and dedication to craft spirits."
Result,PD559,Coffee Roasting & Specialty Coffee,,I,"Coffee professionals roast specialty coffee, extract espresso, and create coffee experiences for enthusiasts. They roast beans, prepare drinks, educate customers, and advance coffee culture. Excellence requires coffee knowledge, sensory skills, technical precision, and passion for specialty coffee."
Result,PD560,Artisan Baking & Bread Making,,A,"Artisan bakers create handcrafted breads using traditional techniques and quality ingredients. They mix dough, shape loaves, bake bread, and maintain traditions. Excellence requires baking knowledge, patience for fermentation, physical stamina, and dedication to bread-making craft."
Result,PD561,Chocolate Making & Confectionery,,I,"Chocolatiers create artisanal chocolates and confections, crafting treats combining technique and artistry. They temper chocolate, create fillings, mold pieces, and produce confections. Excellence requires chocolate knowledge, precision, creativity, and dedication to chocolate craft."
Result,PD562,Cheese Making & Dairy Artisan,,A,"Cheese makers produce artisanal cheeses, transforming milk into diverse cheeses through traditional and innovative techniques. They culture milk, form cheese, age products, and create variety. Excellence requires dairy science knowledge, patience for aging, sensory skills, and dedication to cheese craft."
Result,PD563,Butchery & Meat Cutting,,I,"Butchers break down animals, cut meat, and provide quality meat products with knowledge and skill. They fabricate carcasses, cut portions, advise customers, and maintain quality. Excellence requires anatomical knowledge, knife skills, customer service, and respect for animals and quality meat."
Result,PD564,Personal Shopping & Styling,,I,"Personal shoppers assist clients selecting clothing and products, using style expertise to help people look their best. They assess style, shop for clients, coordinate wardrobes, and provide styling. Excellence requires fashion knowledge, understanding of clients, shopping skills, and dedication to helping clients feel confident."
Result,PD565,Image Consulting & Style,,I,"Image consultants advise on personal presentation, helping clients project desired images through appearance. They analyze color, recommend styles, advise on grooming, and enhance image. Excellence requires style expertise, color theory, understanding of image, and dedication to helping clients present authentically."
Result,PD566,Wardrobe Consulting & Organization,,I,"Wardrobe consultants organize closets, edit wardrobes, and help clients maximize existing clothing. They assess wardrobes, edit pieces, create systems, and optimize closets. Excellence requires fashion knowledge, organizational skills, non-judgment, and dedication to helping clients feel good about clothing."
Result,PD567,Color Analysis & Personal Palette,,I,"Color consultants determine clients' best colors, analyzing skin tones and creating personalized color palettes. They analyze coloring, create palettes, educate clients, and enhance appearance through color. Excellence requires color theory, attention to subtle differences, communication skills, and dedication to color enhancing natural beauty."
Result,PD568,Sustainable Fashion & Ethical Design,,A,"Sustainable fashion professionals create and promote environmentally and socially responsible fashion. They design sustainable products, advocate practices, educate consumers, and advance responsible fashion. Excellence requires fashion knowledge, sustainability understanding, advocacy skills, and dedication to transforming harmful fashion industry."
Result,PD569,Vintage Clothing & Resale,,I,"Vintage clothing specialists curate, sell, and promote vintage and secondhand clothing offering sustainable alternatives. They source pieces, authenticate items, style looks, and promote reuse. Excellence requires fashion history knowledge, sourcing skills, business acumen, and dedication to sustainable fashion through vintage."
Result,PD570,Textile Design & Development,,A,"Textile designers create fabrics, developing patterns and textures for fashion, interiors, and products. They design patterns, select colors, work with manufacturers, and create textiles. Excellence requires design skills, understanding of production, color sense, and creativity in surface design."
Result,PD571,Knitwear & Fashion Knitting,,I,"Knitwear designers create knitted garments and textiles, working with yarn to produce unique pieces. They design patterns, knit samples, tech knits, and create knitwear. Excellence requires knitting expertise, design ability, technical knowledge, and creativity in knitted forms."
Result,PD572,Pattern Making & Garment Construction,,R,"Pattern makers create templates for garments, translating designs into patterns enabling production. They draft patterns, grade sizes, fit garments, and enable manufacture. Excellence requires technical knowledge, precision, understanding of fit, and dedication to patterns making designs possible."
Result,PD573,Millinery & Hat Making,,I,"Milliners design and create hats, practicing traditional craft producing headwear for fashion and occasions. They design shapes, block hats, trim pieces, and create headwear. Excellence requires design skill, manual dexterity, understanding of heads, and dedication to millinery craft."
Result,PD574,Jewelry Design & Fabrication,,A,"Jewelry designers create wearable art, designing and crafting jewelry combining aesthetics and technique. They sketch designs, fabricate pieces, set stones, and create adornment. Excellence requires design sense, metalworking skills, precision, and creativity in wearable art."
Result,PD575,Metalsmithing & Artisan Crafts,,A,"Metalsmiths work metal creating functional and artistic objects through traditional metalworking techniques. They forge metal, create forms, finish pieces, and practice ancient craft. Excellence requires metalworking knowledge, physical strength, artistic vision, and dedication to working metal."
Result,PD576,Woodworking & Fine Furniture,,I,"Woodworkers create furniture and objects, working wood to produce functional and beautiful pieces. They design pieces, select wood, use tools, and create furniture. Excellence requires woodworking knowledge, tool mastery, design sense, and appreciation for wood's natural beauty."
Result,PD577,Ceramics & Pottery,,I,"Ceramic artists create functional and sculptural works in clay, practicing ancient craft in contemporary ways. They throw pots, hand-build forms, glaze pieces, and fire work. Excellence requires ceramic knowledge, manual skill, artistic vision, and dedication to clay craft."
Result,PD578,Glassblowing & Glass Art,,A,"Glassblowers create objects in molten glass, using heat and breath to shape flowing material into art. They gather glass, blow forms, shape hot glass, and create glasswork. Excellence requires technical skill, heat tolerance, artistic vision, and dedication to demanding but magical craft."
Result,PD579,Printmaking & Fine Art Printing,,A,"Printmakers create multiple original artworks using traditional printing processes. They prepare matrices, pull prints, edition work, and create printed art. Excellence requires technical knowledge, artistic vision, precision, and dedication to print media."
Result,PD580,Bookbinding & Book Arts,,A,"Bookbinders create and repair books, practicing craft preserving and creating beautiful bound volumes. They sew bindings, create covers, repair books, and practice book arts. Excellence requires manual precision, understanding of structure, patience for detailed work, and dedication to book craft."
Result,PD581,Calligraphy & Hand Lettering,,I,"Calligraphers create beautiful writing, practicing ancient art of decorative lettering. They practice letterforms, create commissions, teach calligraphy, and advance writing as art. Excellence requires manual control, understanding of letterforms, patience for practice, and dedication to beautiful writing."
Result,PD582,Paper Making & Paper Arts,,A,"Paper artists create handmade paper and paper artworks, working with pulp to create paper and art. They make paper, create installations, explore medium, and advance paper arts. Excellence requires technical knowledge, artistic vision, understanding of fibers, and creativity with paper."
Result,PD583,Fiber Arts & Textile Crafts,,A,"Fiber artists create art using textile techniques, exploring weaving, felting, and other fiber processes. They work with fiber, create textiles, explore techniques, and create fiber art. Excellence requires technical skills, artistic vision, understanding of materials, and dedication to fiber arts."
Result,PD584,Quilting & Fabric Arts,,A,"Quilters create quilts combining fabric, pattern, and stitching into functional and artistic textiles. They design quilts, piece fabric, quilt layers, and create quilted works. Excellence requires sewing skills, design sense, patience for detailed work, and appreciation for quilting tradition."
Result,PD585,Embroidery & Needlework,,I,"Embroiderers create decorative stitching, embellishing fabric with needle and thread creating textile art. They design patterns, stitch work, use techniques, and create embroidered pieces. Excellence requires needle skills, patience, artistic vision, and dedication to stitched art."
Result,PD586,Leatherworking & Leather Crafts,,I,"Leatherworkers create goods from leather, working hides to produce functional and artistic leather items. They cut leather, stitch pieces, tool designs, and create leatherwork. Excellence requires leather knowledge, manual skills, design sense, and appreciation for leather craft."
Result,PD587,Blacksmithing & Metalwork,,I,"Blacksmiths forge metal using fire and hammer, practicing ancient craft creating functional and artistic metalwork. They heat metal, hammer forms, create pieces, and maintain tradition. Excellence requires physical strength, metalworking knowledge, artistic sense, and dedication to forging craft."
Result,PD588,Automotive Customization & Restoration,,I,"Auto customizers restore and modify vehicles, combining mechanical skill with artistic vision. They restore classics, customize vehicles, fabricate parts, and create unique automobiles. Excellence requires mechanical knowledge, fabrication skills, artistic vision, and dedication to automotive craft."
Result,PD589,Motorcycle Repair & Customization,,R,"Motorcycle mechanics and builders service and customize motorcycles, keeping bikes running and creating custom machines. They repair bikes, customize builds, fabricate parts, and serve riders. Excellence requires mechanical knowledge, fabrication skills, understanding of riders, and passion for motorcycles."
Result,PD590,Marine & Boat Building,,I,"Boat builders construct and repair boats, working wood, fiberglass, and other materials creating vessels. They build hulls, install systems, restore boats, and practice boat-building craft. Excellence requires woodworking skills, understanding of boats, attention to quality, and dedication to vessels."
Result,PD591,Aircraft Building & Experimental Aviation,,I,"Aircraft builders construct experimental and light aircraft, combining engineering with hands-on building. They fabricate parts, assemble aircraft, test systems, and build flying machines. Excellence requires mechanical knowledge, attention to safety, precision, and dedication to aviation."
Result,PD592,Model Making & Miniatures,,I,"Model makers create detailed miniatures and models for film, architecture, and hobbyists. They build to scale, create details, use various materials, and produce precise miniatures. Excellence requires patience, manual dexterity, attention to detail, and dedication to miniature craft."
Result,PD593,Prop Making & Special Effects,,I,"Prop makers create objects for film, theater, and events, building props supporting storytelling. They fabricate props, create effects, solve problems, and realize designers' visions. Excellence requires versatile skills, problem-solving, understanding of needs, and dedication to objects supporting stories."
Result,PD594,Robotics & Mechatronics Hobbyist,,I,"Robotics hobbyists build robots and automated systems, combining electronics, programming, and mechanics. They design systems, program controllers, integrate components, and create working robots. Excellence requires interdisciplinary knowledge, problem-solving, patience for debugging, and passion for robotics."
Result,PD595,Electronics Hobbyist & Making,,I,"Electronics hobbyists design and build electronic projects, exploring circuits and creating devices. They design circuits, solder components, program microcontrollers, and create electronics. Excellence requires electronics knowledge, soldering skills, programming ability, and curiosity about technology."
Result,PD596,3D Modeling & Digital Fabrication,,I,"Digital fabrication specialists create 3D models and produce objects using 3D printing and CNC. They design in CAD, prepare files, operate equipment, and produce digital fabrications. Excellence requires CAD skills, understanding of processes, problem-solving, and creativity in digital making."
Result,PD597,Drone Building & FPV Flying,,I,"Drone builders and pilots construct racing drones and fly FPV experiencing flight firsthand. They build drones, program flight controllers, fly FPV, and participate in racing. Excellence requires technical skills, piloting ability, hand-eye coordination, and passion for drone flight."
Result,PD598,Amateur Radio & Communications,,I,"Ham radio operators communicate globally using radio, providing emergency communications and exploring propagation. They operate stations, provide emergency service, experiment with radio, and connect globally. Excellence requires technical knowledge, licensing, dedication to public service, and fascination with radio."
Result,PD599,Astronomy & Astrophotography,,A,"Amateur astronomers observe celestial objects, photograph space, and share wonder of universe. They operate telescopes, image objects, process photos, and advance amateur astronomy. Excellence requires astronomical knowledge, technical skills, patience for imaging, and awe for cosmos."
Result,PD600,Genealogy & Family History Research,,I,"Genealogists research family histories, trace ancestors, and help people discover heritage. They research records, analyze evidence, construct trees, and solve mysteries. Excellence requires research skills, critical thinking, persistence, and dedication to helping people connect with past."
Result,PD601,Circus Arts & Performance,,A,"Circus performers master acrobatics, aerials, juggling, and theatrical skills creating spectacular entertainment. They train daily, perfect skills, perform acts, and push physical limits. Excellence requires athletic ability, courage, showmanship, and dedication to training maintaining skills requiring strength, flexibility, and fearlessness."
Result,PD602,Magic & Illusion Performance,,A,"Magicians create wonder through illusion, sleight of hand, and misdirection entertaining and amazing audiences. They develop acts, practice moves, perform shows, and guard secrets. Excellence requires manual dexterity, showmanship, creativity in effects, and dedication to craft blending skill and mystery."
Result,PD603,Comedy & Stand-Up Performance,,A,"Comedians write and perform comedy, making audiences laugh through observational humor and storytelling. They develop material, test jokes, perform sets, and refine timing. Excellence requires comedic sensibility, writing ability, stage presence, and resilience handling difficult audiences and refining material."
Result,PD604,Improv & Comedic Theater,,A,"Improvisational performers create unscripted comedy and theater, making up scenes and characters spontaneously. They listen actively, accept offers, build scenes, and entertain through spontaneity. Excellence requires quick thinking, collaborative spirit, comedic timing, and trust in process creating something from nothing."
Result,PD605,Voice Acting & Character Performance,,A,"Voice actors bring animated characters, video games, and audiobooks to life through vocal performance. They interpret scripts, create voices, record performances, and embody characters vocally. Excellence requires vocal range, acting ability, recording technique, and creativity bringing characters alive through voice alone."
Result,PD606,Audiobook Narration,,I,"Audiobook narrators perform books, bringing stories to life through expressive reading and character voices. They interpret text, maintain consistency, record for hours, and engage listeners. Excellence requires vocal stamina, acting ability, reading skill, and dedication to honoring authors' works through performance."
Result,PD607,Podcast Production & Hosting,,I,"Podcast hosts create audio content, interviewing guests and building audiences through engaging conversations. They develop concepts, record episodes, edit audio, and build communities. Excellence requires conversational skills, interviewing ability, consistency, and authentic voice connecting with listeners."
Result,PD608,Radio Production & Broadcasting,,I,"Radio producers create audio programming, developing shows and content for terrestrial and digital radio. They develop formats, produce segments, direct talent, and create radio. Excellence requires audio storytelling, production skills, understanding of medium, and ability to engage listeners through sound."
Result,PD609,Voice-Over & Commercial Narration,,I,"Voice-over artists narrate commercials, explainer videos, and corporate content, providing professional narration. They interpret copy, deliver reads, match tone, and provide vocal services. Excellence requires vocal quality, interpretive skills, recording technique, and versatility across styles and tones."
Result,PD610,Dialect Coaching & Accent Training,,I,"Dialect coaches train actors in accents and speech patterns, ensuring authentic vocal performances. They analyze speech, teach phonetics, coach performances, and ensure accuracy. Excellence requires linguistics knowledge, ear for accents, teaching ability, and dedication to authentic vocal portrayals."
Result,PD611,Speech Therapy & Communication Disorders,,S,"Speech-language pathologists treat communication and swallowing disorders across lifespan. They assess disorders, develop treatment, provide therapy, and restore communication. Excellence requires clinical knowledge, diagnostic skills, therapeutic patience, and dedication to fundamental human capacity to communicate."
Result,PD612,Occupational Therapy Assistance,,S,"Occupational therapy assistants support OTs, helping patients develop daily living and work skills. They implement treatment, assist activities, document progress, and support rehabilitation. Excellence requires understanding of occupation, empathy for disability, hands-on skills, and dedication to helping people reclaim meaningful activities."
Result,PD613,Physical Therapy Assistance,,S,"Physical therapy assistants support PTs, helping patients recover movement and function through therapeutic exercise. They implement plans, supervise exercise, provide manual therapy, and support rehabilitation. Excellence requires anatomical knowledge, manual skills, motivational abilities, and dedication to physical recovery."
Result,PD614,Athletic Training Assistance,,I,"Athletic training assistants support athletic trainers, helping prevent and treat sports injuries. They assist treatments, prepare modalities, document care, and support athletes. Excellence requires sports medicine knowledge, hands-on skills, understanding of athletics, and dedication to athlete health."
Result,PD615,Fitness & Personal Training,,I,"Personal trainers design exercise programs, motivate clients, and guide people toward fitness goals. They assess fitness, plan workouts, teach form, and inspire change. Excellence requires exercise science knowledge, motivational skills, empathy for struggles, and dedication to clients' health transformations."
Result,PD616,Group Fitness Instruction,,I,"Group fitness instructors lead exercise classes, motivating participants through energetic group workouts. They choreograph classes, demonstrate moves, motivate groups, and create community. Excellence requires fitness knowledge, teaching ability, energy and enthusiasm, and dedication to making fitness accessible and fun."
Result,PD617,Pilates Instruction,,I,"Pilates instructors teach mind-body exercise focused on core strength, flexibility, and body awareness. They teach movements, correct form, adapt exercises, and advance practice. Excellence requires Pilates training, anatomical knowledge, teaching skill, and dedication to method's principles."
Result,PD618,Spin & Cycling Instruction,,I,"Cycling instructors lead indoor cycling classes, motivating riders through music-driven cardio workouts. They design rides, coach effort, create playlists, and build community. Excellence requires cycling knowledge, motivational skills, music sense, and energy creating transformative group experiences."
Result,PD619,CrossFit & Functional Training,,I,"CrossFit coaches teach functional fitness, leading intense workouts building strength and conditioning. They coach movements, scale workouts, ensure safety, and build community. Excellence requires exercise knowledge, coaching ability, safety consciousness, and dedication to functional fitness methodology."
Result,PD620,Martial Arts Instruction,,A,"Martial arts instructors teach fighting techniques, self-defense, and discipline through traditional and modern martial arts. They teach techniques, develop students, promote belts, and share philosophy. Excellence requires martial expertise, teaching ability, patience with progression, and dedication to martial traditions."
Result,PD621,Boxing & Combat Sports Coaching,,I,"Boxing coaches train fighters, developing technique, conditioning, and mental toughness for competition. They teach fundamentals, develop strategy, corner fights, and build fighters. Excellence requires boxing knowledge, coaching skill, strategic thinking, and dedication to fighter development."
Result,PD622,Swimming & Aquatics Instruction,,I,"Swim instructors teach swimming, water safety, and aquatic skills across ages and abilities. They teach strokes, ensure safety, build confidence, and advance skills. Excellence requires swimming expertise, teaching patience, safety consciousness, and dedication to potentially life-saving skill."
Result,PD623,Tennis & Racquet Sports Coaching,,I,"Tennis coaches develop players' technique, strategy, and mental game in racquet sports. They teach fundamentals, develop game plans, analyze performance, and build players. Excellence requires tennis expertise, coaching ability, strategic thinking, and dedication to player development."
Result,PD624,Golf Instruction & Coaching,,I,"Golf instructors teach swing mechanics, course management, and mental game improving golf performance. They analyze swings, provide drills, develop strategies, and lower scores. Excellence requires golf knowledge, teaching ability, patience with difficult sport, and dedication to golf improvement."
Result,PD625,Skiing & Snowboarding Instruction,,I,"Ski instructors teach skiing and snowboarding, helping students progress while ensuring mountain safety. They teach techniques, ensure safety, build confidence, and share mountain sports. Excellence requires skiing expertise, teaching ability, mountain awareness, and dedication to safe, fun mountain experiences."
Result,PD626,Surf & Water Sports Instruction,,I,"Surf instructors teach surfing and water sports, sharing ocean skills and respect for sea. They teach techniques, ensure ocean safety, build confidence, and connect people with ocean. Excellence requires surfing expertise, ocean knowledge, safety consciousness, and passion for sharing ocean experiences."
Result,PD627,Rock Climbing & Mountaineering Instruction,,I,"Climbing instructors teach rock climbing and mountaineering, building skills while ensuring safety in vertical world. They teach techniques, manage risk, build judgment, and share climbing. Excellence requires climbing expertise, safety systems knowledge, teaching ability, and dedication to safe climbing progression."
Result,PD628,Scuba Diving Instruction,,I,"Dive instructors certify divers, teaching underwater skills and ocean conservation. They teach techniques, ensure safety, certify students, and share underwater world. Excellence requires diving expertise, teaching ability, safety consciousness, and passion for sharing ocean's beauty."
Result,PD629,Outdoor Education & Adventure,,S,"Outdoor educators teach wilderness skills, lead expeditions, and facilitate learning through outdoor experiences. They teach skills, manage risk, facilitate reflection, and transform through nature. Excellence requires outdoor expertise, teaching ability, risk management, and dedication to outdoor education's transformative power."
Result,PD630,Environmental Education,,S,"Environmental educators teach about ecosystems, sustainability, and conservation inspiring environmental stewardship. They develop programs, lead activities, connect to nature, and inspire action. Excellence requires environmental knowledge, teaching creativity, enthusiasm, and dedication to environmental literacy."
Result,PD631,Nature Interpretation & Guiding,,I,"Nature interpreters guide outdoor experiences, sharing ecological knowledge and fostering appreciation for natural world. They lead hikes, interpret nature, tell stories, and connect people with places. Excellence requires natural history knowledge, storytelling ability, enthusiasm, and dedication to connecting people with nature."
Result,PD632,Park Ranger & Natural Resources,,I,"Park rangers protect natural and cultural resources while serving visitors in parks and protected areas. They patrol areas, provide interpretation, ensure safety, and protect resources. Excellence requires resource knowledge, public service, law enforcement when needed, and dedication to conservation and visitor experience."
Result,PD633,Trail Building & Maintenance,,R,"Trail builders construct and maintain hiking trails, creating sustainable access to natural areas. They design trails, build features, maintain tread, and create access. Excellence requires construction skills, understanding of erosion, physical stamina, and dedication to trails enabling outdoor recreation."
Result,PD634,Landscape Design & Planning,,A,"Landscape designers create outdoor spaces combining aesthetics, function, and ecological principles. They design landscapes, select plants, specify materials, and create beautiful functional outdoor environments. Excellence requires design creativity, horticultural knowledge, site analysis skills, and dedication to landscapes enhancing lives and ecosystems."
Result,PD635,Irrigation & Water Management,,E,"Irrigation specialists design and maintain efficient watering systems conserving water while supporting landscapes. They design systems, troubleshoot problems, ensure efficiency, and manage water. Excellence requires hydraulic knowledge, technical skills, water conservation ethic, and dedication to efficient irrigation."
Result,PD636,Turfgrass Management & Sports Fields,,E,"Turfgrass managers maintain athletic fields, golf courses, and lawns creating quality playing surfaces. They manage fertility, control pests, maintain surfaces, and ensure playability. Excellence requires turfgrass knowledge, equipment skills, attention to detail, and dedication to quality surfaces."
Result,PD637,Golf Course Maintenance & Management,,R,"Golf course superintendents manage course conditions, maintaining high-quality playing conditions. They manage turf, oversee crews, control budgets, and maintain courses. Excellence requires turfgrass expertise, management skills, horticultural knowledge, and dedication to course quality despite weather challenges."
Result,PD638,Pest Control & Integrated Management,,E,"Pest management professionals control pests using integrated approaches minimizing environmental impact. They identify pests, develop strategies, apply treatments, and protect health. Excellence requires entomology knowledge, understanding of integrated pest management, safety consciousness, and dedication to effective, responsible pest control."
Result,PD639,Tree Surgery & Arboriculture,,I,"Tree surgeons provide specialized tree care, pruning and treating trees ensuring urban forest health. They climb trees, perform pruning, diagnose problems, and care for trees. Excellence requires tree biology knowledge, climbing skills, chainsaw expertise, and dedication to tree health and safety."
Result,PD640,Landscaping & Grounds Maintenance,,R,"Landscapers maintain grounds, providing mowing, planting, and care creating attractive outdoor spaces. They mow lawns, plant gardens, maintain landscapes, and serve properties. Excellence requires horticultural knowledge, equipment operation, attention to aesthetics, and dedication to quality landscape maintenance."
Result,PD641,Snow Removal & Winter Services,,I,"Snow removal operators clear snow and ice, ensuring safe access during winter weather. They operate equipment, apply treatments, work long hours, and maintain access. Excellence requires equipment skills, stamina for long shifts, weather monitoring, and dedication to safety during winter emergencies."
Result,PD642,Janitorial & Cleaning Services,,I,"Custodians maintain clean, sanitary facilities through thorough cleaning and facility care. They clean spaces, maintain supplies, ensure sanitation, and create healthy environments. Excellence requires attention to detail, reliability, physical stamina, and pride in maintaining clean spaces people depend on."
Result,PD643,Window Cleaning & Building Maintenance,,R,"Window cleaners maintain building exteriors, often at heights, ensuring clean professional appearance. They clean windows, access heights safely, maintain equipment, and serve buildings. Excellence requires physical fitness, comfort with heights, attention to quality, and dedication to building appearance."
Result,PD644,Carpet & Upholstery Cleaning,,I,"Carpet cleaners remove stains and dirt from carpets and upholstery restoring appearance and extending life. They assess fabrics, apply treatments, extract dirt, and restore textiles. Excellence requires chemistry knowledge, equipment operation, attention to results, and dedication to quality cleaning."
Result,PD645,Pressure Washing & Surface Cleaning,,I,"Pressure washers clean building exteriors, driveways, and surfaces using high-pressure water. They assess surfaces, select pressure, clean areas, and restore appearance. Excellence requires equipment knowledge, understanding of surfaces, safety consciousness, and dedication to transformative cleaning results."
Result,PD646,Chimney Sweeping & Inspection,,I,"Chimney sweeps clean and inspect chimneys, ensuring safe operation and preventing fires. They sweep chimneys, inspect for problems, recommend repairs, and ensure safety. Excellence requires technical knowledge, climbing ability, attention to safety hazards, and dedication to fire prevention."
Result,PD647,Handyman & General Repair,,R,"Handymen perform various small repairs and improvements, maintaining homes and buildings. They fix problems, perform maintenance, install items, and serve properties. Excellence requires versatile skills, problem-solving, customer service, and dedication to solving problems for homeowners."
Result,PD648,Home Inspection & Assessment,,I,"Home inspectors examine properties, identifying problems and providing objective assessments for buyers. They inspect systems, document conditions, identify issues, and inform decisions. Excellence requires building knowledge, thorough inspection, communication skills, and dedication to protecting buyers through objective assessment."
Result,PD649,Pest Inspection & Termite Control,,I,"Pest inspectors identify infestations, assess damage, and recommend treatments protecting structures. They inspect for pests, assess damage, recommend solutions, and protect properties. Excellence requires pest knowledge, inspection thoroughness, honesty in assessment, and dedication to protecting structures from pest damage."
Result,PD650,Locksmith & Security Services,,I,"Locksmiths install, repair, and service locks and security systems protecting properties. They install locks, rekey cylinders, open locks, and provide security. Excellence requires mechanical knowledge, problem-solving, trustworthiness, and dedication to security while helping locked-out customers."
Result,PD651,Alarm & Security Systems Installation,,R,"Security technicians install and service alarm systems, cameras, and security technology. They install equipment, program systems, troubleshoot problems, and ensure security. Excellence requires technical knowledge, attention to detail, customer service, and dedication to security systems protecting people and property."
Result,PD652,Audio-Visual Technology & Integration,,I,"AV technicians design and install sound, video, and presentation systems for businesses and events. They design systems, install equipment, program controls, and ensure performance. Excellence requires technical knowledge, problem-solving, attention to quality, and dedication to systems enhancing communication and entertainment."
Result,PD653,Home Theater & Entertainment Systems,,A,"Home theater installers design and install entertainment systems creating quality home viewing experiences. They design systems, install equipment, calibrate performance, and serve clients. Excellence requires AV knowledge, installation skills, attention to quality, and dedication to exceptional home entertainment."
Result,PD654,Smart Home & Home Automation,,A,"Smart home specialists install and program home automation systems making homes responsive and efficient. They design systems, install devices, program automation, and create smart homes. Excellence requires technology knowledge, programming skills, customer education, and dedication to helpful home automation."
Result,PD655,Satellite & Antenna Installation,,R,"Satellite technicians install and service satellite dishes and antennas for television and internet. They install equipment, aim dishes, troubleshoot reception, and ensure service. Excellence requires technical knowledge, climbing ability, problem-solving, and dedication to reliable signal reception."
Result,PD656,Cable & Network Installation,,R,"Cable technicians install and service internet, television, and phone services in homes and businesses. They run cable, install equipment, troubleshoot problems, and ensure connectivity. Excellence requires technical knowledge, installation skills, customer service, and dedication to reliable connectivity."
Result,PD657,Computer Setup & Technical Support,,I,"Computer technicians set up and support computer systems, helping users with technical problems. They install software, troubleshoot issues, transfer data, and support users. Excellence requires technical knowledge, problem-solving, patience with users, and dedication to helping people with technology."
Result,PD658,Mobile Device Repair,,R,"Mobile technicians repair smartphones and tablets, replacing screens and fixing common problems. They diagnose issues, replace parts, test repairs, and restore devices. Excellence requires repair skills, attention to detail, efficiency, and dedication to fixing devices people depend on."
Result,PD659,Appliance Repair & Service,,R,"Appliance technicians diagnose and repair household appliances keeping them functioning. They troubleshoot problems, replace parts, restore function, and serve customers. Excellence requires mechanical knowledge, diagnostic skills, customer service, and dedication to fixing appliances people rely on daily."
Result,PD660,Small Engine Repair & Service,,R,"Small engine mechanics repair lawn equipment, generators, and small engines keeping tools running. They diagnose problems, rebuild engines, restore function, and serve customers. Excellence requires mechanical knowledge, diagnostic skills, attention to quality, and dedication to equipment people depend on."
Result,PD661,Bicycle Mechanics & Service,,R,"Bicycle mechanics assemble, maintain, and repair bicycles keeping bikes safe and functioning. They tune bikes, replace parts, build wheels, and serve cyclists. Excellence requires mechanical knowledge, attention to safety, efficiency, and passion for cycling supporting riders."
Result,PD662,Shoe Repair & Cobbler Services,,R,"Shoe repair specialists fix and restore footwear, extending life of shoes through skilled repair. They replace soles, repair leather, restore shoes, and practice traditional craft. Excellence requires repair knowledge, manual skills, attention to quality, and dedication to extending shoe life."
Result,PD663,Watch Repair & Horology,,R,"Watch repair specialists service timepieces, maintaining and restoring mechanical and electronic watches. They disassemble watches, replace parts, regulate timing, and restore function. Excellence requires mechanical knowledge, manual precision, patience for detailed work, and dedication to timekeeping craft."
Result,PD664,Gunsmith & Firearms Repair,,R,"Gunsmiths repair, modify, and build firearms combining mechanical skill with knowledge of firearms. They repair guns, custom build, ensure safety, and maintain firearms. Excellence requires firearms knowledge, machining skills, safety consciousness, and dedication to firearms craft."
Result,PD665,Musical Instrument Repair & Maintenance,,R,"Instrument repair technicians maintain and repair musical instruments keeping them playable. They adjust instruments, replace pads, fix problems, and maintain playability. Excellence requires musical knowledge, mechanical skills, attention to detail, and dedication to instruments enabling music."
Result,PD666,Piano Tuning & Service,,I,"Piano tuners adjust pianos to proper pitch, maintaining tuning and performing repairs. They tune strings, adjust action, make repairs, and maintain pianos. Excellence requires musical ear, mechanical knowledge, patience for detailed work, and dedication to instruments enabling beautiful music."
Result,PD667,Organ Building & Maintenance,,R,"Organ builders construct and maintain pipe organs, practicing specialized craft building complex instruments. They build pipes, install organs, tune instruments, and maintain organs. Excellence requires mechanical knowledge, musical understanding, craftsmanship, and dedication to magnificent instruments."
Result,PD668,Luthier & String Instrument Making,,I,"Luthiers build and repair string instruments, handcrafting violins, guitars, and other instruments. They select wood, carve instruments, set up, and create musical tools. Excellence requires woodworking mastery, musical understanding, patience, and dedication to instruments enabling music."
Result,PD669,Drum Making & Percussion,,I,"Drum makers build custom drums and percussion instruments for musicians. They select shells, install hardware, tune drums, and create instruments. Excellence requires acoustic understanding, woodworking skills, musical knowledge, and dedication to percussion instruments."
Result,PD670,Harmonica Repair & Customization,,R,"Harmonica technicians repair and customize harmonicas for players seeking optimal performance. They adjust reeds, replace parts, customize response, and optimize instruments. Excellence requires musical knowledge, mechanical precision, understanding of players' needs, and dedication to often-overlooked instrument."
Result,PD671,Accordion Repair & Maintenance,,R,"Accordion technicians service accordions, maintaining complex free-reed instruments. They repair bellows, adjust reeds, replace components, and maintain accordions. Excellence requires mechanical knowledge, musical understanding, attention to detail, and dedication to unique instrument."
Result,PD672,Bow Making & Rehair,,I,"Bow makers craft and rehair bows for string instruments, creating essential tools for string players. They make bows, select hair, rehair bows, and maintain bows. Excellence requires woodworking skill, understanding of bows, attention to quality, and dedication to tools enabling string playing."
Result,PD673,Violin Making & Lutherie,,I,"Violin makers handcraft violins following centuries-old traditions creating beautiful sounding instruments. They select wood, carve instruments, apply varnish, and create violins. Excellence requires woodworking mastery, acoustic understanding, artistic skill, and dedication to violin-making tradition."
Result,PD674,Guitar Building & Repair,,R,"Guitar builders construct and repair guitars, creating instruments for musicians. They build necks, assemble guitars, set up instruments, and serve players. Excellence requires woodworking skill, understanding of guitar setup, attention to playability, and dedication to instruments enabling music."
Result,PD675,Amplifier Repair & Electronics,,R,"Amplifier technicians repair guitar amplifiers and audio electronics keeping equipment functioning. They troubleshoot circuits, replace components, restore function, and serve musicians. Excellence requires electronics knowledge, diagnostic skills, soldering ability, and dedication to equipment enabling music."
Result,PD676,Recording Studio Engineering,,I,"Recording engineers capture and produce music, operating equipment and making technical and creative decisions. They set up mics, operate consoles, mix recordings, and capture performances. Excellence requires technical knowledge, musical understanding, attention to sound quality, and dedication to serving artists' visions."
Result,PD677,Live Sound Engineering,,I,"Live sound engineers mix sound for concerts and events, ensuring quality audio for audiences. They set up systems, mix performances, troubleshoot problems, and deliver sound. Excellence requires technical knowledge, quick problem-solving, musical understanding, and composure managing sound under pressure."
Result,PD678,Mastering Engineering,,I,"Mastering engineers optimize final mixes for release, applying subtle processing preparing music for distribution. They analyze mixes, apply processing, ensure consistency, and finalize recordings. Excellence requires critical listening, technical precision, understanding of formats, and dedication to final quality ensuring great sound."
Result,PD679,Music Mixing & Production,,A,"Mix engineers blend recorded tracks, shaping sonic character and creating polished recordings. They balance levels, apply effects, create space, and realize sonic visions. Excellence requires technical skill, musical understanding, critical listening, and dedication to mixes bringing recordings to life."
Result,PD680,Foley Artist & Sound Effects,,A,"Foley artists create sound effects for film and media, recording synchronized sounds enhancing audio. They perform sounds, sync to picture, create realism, and enhance audio. Excellence requires creativity, timing precision, understanding of sound, and dedication to realistic audio supporting visual media."
Type,ID,Field1,Field2,Field3,Field4
ResultQuestion,PD001,Do you want to work in Aerospace Engineering & Systems?,Consider whether this work genuinely appeals to you or just sounds prestigious. Picture yourself doing this daily for years. Does it energize or exhaust you? Your gut reaction matters more than what you think you should want.,,
ResultQuestion,PD002,Do you want to work in Agricultural Systems Engineering?,Consider whether this work genuinely appeals to you or just sounds prestigious. Picture yourself doing this daily for years. Does it energize or exhaust you? Your gut reaction matters more than what you think you should want.,,
ResultQuestion,PD003,Do you want to work in Biomedical Engineering & Innovation?,Consider whether this work genuinely appeals to you or just sounds prestigious. Picture yourself doing this daily for years. Does it energize or exhaust you? Your gut reaction matters more than what you think you should want.,,
ResultQuestion,PD004,Do you want to work in Chemical Process Engineering?,Consider whether this work genuinely appeals to you or just sounds prestigious. Picture yourself doing this daily for years. Does it energize or exhaust you? Your gut reaction matters more than what you think you should want.,,
ResultQuestion,PD005,Do you want to work in Civil & Infrastructure Engineering?,Consider whether this work genuinely appeals to you or just sounds prestigious. Picture yourself doing this daily for years. Does it energize or exhaust you? Your gut reaction matters more than what you think you should want.,,
ResultQuestion,PD006,Do you want to work in Computer Hardware Engineering?,Consider whether this work genuinely appeals to you or just sounds prestigious. Picture yourself doing this daily for years. Does it energize or exhaust you? Your gut reaction matters more than what you think you should want.,,
ResultQuestion,PD007,Do you want to work in Electrical Engineering & Power Systems?,Consider whether this work genuinely appeals to you or just sounds prestigious. Picture yourself doing this daily for years. Does it energize or exhaust you? Your gut reaction matters more than what you think you should want.,,
ResultQuestion,PD008,Do you want to work in Electronics Engineering & Design?,Consider whether this work genuinely appeals to you or just sounds prestigious. Picture yourself doing this daily for years. Does it energize or exhaust you? Your gut reaction matters more than what you think you should want.,,
ResultQuestion,PD009,Do you want to work in Environmental Engineering & Sustainability?,Consider whether this work genuinely appeals to you or just sounds prestigious. Picture yourself doing this daily for years. Does it energize or exhaust you? Your gut reaction matters more than what you think you should want.,,
ResultQuestion,PD010,Do you want to work in Industrial & Systems Engineering?,Consider whether this work genuinely appeals to you or just sounds prestigious. Picture yourself doing this daily for years. Does it energize or exhaust you? Your gut reaction matters more than what you think you should want.,,
ResultQuestion,PD011,Do you want to work in Marine Engineering & Naval Architecture?,Consider whether this work genuinely appeals to you or just sounds prestigious. Picture yourself doing this daily for years. Does it energize or exhaust you? Your gut reaction matters more than what you think you should want.,,
ResultQuestion,PD012,Do you want to work in Materials Science & Engineering?,Consider whether this work genuinely appeals to you or just sounds prestigious. Picture yourself doing this daily for years. Does it energize or exhaust you? Your gut reaction matters more than what you think you should want.,,
ResultQuestion,PD013,Do you want to work in Mechanical Engineering & Design?,Consider whether this work genuinely appeals to you or just sounds prestigious. Picture yourself doing this daily for years. Does it energize or exhaust you? Your gut reaction matters more than what you think you should want.,,
ResultQuestion,PD014,Do you want to work in Mining & Geological Engineering?,Consider whether this work genuinely appeals to you or just sounds prestigious. Picture yourself doing this daily for years. Does it energize or exhaust you? Your gut reaction matters more than what you think you should want.,,
ResultQuestion,PD015,Do you want to work in Nuclear Engineering & Systems?,Consider whether this work genuinely appeals to you or just sounds prestigious. Picture yourself doing this daily for years. Does it energize or exhaust you? Your gut reaction matters more than what you think you should want.,,
ResultQuestion,PD016,Do you want to work in Petroleum Engineering & Energy?,Consider whether this work genuinely appeals to you or just sounds prestigious. Picture yourself doing this daily for years. Does it energize or exhaust you? Your gut reaction matters more than what you think you should want.,,
ResultQuestion,PD017,Do you want to work in Robotics Engineering?,Consider whether this work genuinely appeals to you or just sounds prestigious. Picture yourself doing this daily for years. Does it energize or exhaust you? Your gut reaction matters more than what you think you should want.,,
ResultQuestion,PD018,Do you want to work in Software Development & Engineering?,Consider whether this work genuinely appeals to you or just sounds prestigious. Picture yourself doing this daily for years. Does it energize or exhaust you? Your gut reaction matters more than what you think you should want.,,
ResultQuestion,PD019,Do you want to work in Structural Engineering?,Consider whether this work genuinely appeals to you or just sounds prestigious. Picture yourself doing this daily for years. Does it energize or exhaust you? Your gut reaction matters more than what you think you should want.,,
ResultQuestion,PD020,Do you want to work in Sustainable Energy Leadership?,Consider whether this work genuinely appeals to you or just sounds prestigious. Picture yourself doing this daily for years. Does it energize or exhaust you? Your gut reaction matters more than what you think you should want.,,
ResultQuestion,PD021,Do you want to work in Physics Research & Analysis?,Consider whether this work genuinely appeals to you or just sounds prestigious. Picture yourself doing this daily for years. Does it energize or exhaust you? Your gut reaction matters more than what you think you should want.,,
ResultQuestion,PD022,Do you want to work in Chemistry Research & Analysis?,Consider whether this work genuinely appeals to you or just sounds prestigious. Picture yourself doing this daily for years. Does it energize or exhaust you? Your gut reaction matters more than what you think you should want.,,
ResultQuestion,PD023,Do you want to work in Biological Research & Science?,Consider whether this work genuinely appeals to you or just sounds prestigious. Picture yourself doing this daily for years. Does it energize or exhaust you? Your gut reaction matters more than what you think you should want.,,
ResultQuestion,PD024,Do you want to work in Geological & Earth Science?,Consider whether this work genuinely appeals to you or just sounds prestigious. Picture yourself doing this daily for years. Does it energize or exhaust you? Your gut reaction matters more than what you think you should want.,,
ResultQuestion,PD025,Do you want to work in Atmospheric & Space Science?,Consider whether this work genuinely appeals to you or just sounds prestigious. Picture yourself doing this daily for years. Does it energize or exhaust you? Your gut reaction matters more than what you think you should want.,,
ResultQuestion,PD026,Do you want to work in Environmental Science & Research?,Consider whether this work genuinely appeals to you or just sounds prestigious. Picture yourself doing this daily for years. Does it energize or exhaust you? Your gut reaction matters more than what you think you should want.,,
ResultQuestion,PD027,Do you want to work in Oceanography & Marine Science?,Consider whether this work genuinely appeals to you or just sounds prestigious. Picture yourself doing this daily for years. Does it energize or exhaust you? Your gut reaction matters more than what you think you should want.,,
ResultQuestion,PD028,Do you want to work in Astronomy & Astrophysics?,Consider whether this work genuinely appeals to you or just sounds prestigious. Picture yourself doing this daily for years. Does it energize or exhaust you? Your gut reaction matters more than what you think you should want.,,
ResultQuestion,PD029,Do you want to work in Mathematical Research & Analysis?,Consider whether this work genuinely appeals to you or just sounds prestigious. Picture yourself doing this daily for years. Does it energize or exhaust you? Your gut reaction matters more than what you think you should want.,,
ResultQuestion,PD030,Do you want to work in Statistical Analysis & Research?,Consider whether this work genuinely appeals to you or just sounds prestigious. Picture yourself doing this daily for years. Does it energize or exhaust you? Your gut reaction matters more than what you think you should want.,,
ResultQuestion,PD031,Do you want to work in Data Science & Analytics?,Consider whether this work genuinely appeals to you or just sounds prestigious. Picture yourself doing this daily for years. Does it energize or exhaust you? Your gut reaction matters more than what you think you should want.,,
ResultQuestion,PD032,Do you want to work in Computer Science Research?,Consider whether this work genuinely appeals to you or just sounds prestigious. Picture yourself doing this daily for years. Does it energize or exhaust you? Your gut reaction matters more than what you think you should want.,,
ResultQuestion,PD033,Do you want to work in Medical Research & Science?,Consider whether this work genuinely appeals to you or just sounds prestigious. Picture yourself doing this daily for years. Does it energize or exhaust you? Your gut reaction matters more than what you think you should want.,,
ResultQuestion,PD034,Do you want to work in Epidemiology & Public Health Research?,Consider whether this work genuinely appeals to you or just sounds prestigious. Picture yourself doing this daily for years. Does it energize or exhaust you? Your gut reaction matters more than what you think you should want.,,
ResultQuestion,PD035,Do you want to work in Neuroscience Research?,Consider whether this work genuinely appeals to you or just sounds prestigious. Picture yourself doing this daily for years. Does it energize or exhaust you? Your gut reaction matters more than what you think you should want.,,
ResultQuestion,PD036,Do you want to work in Genetics & Genomics Research?,Consider whether this work genuinely appeals to you or just sounds prestigious. Picture yourself doing this daily for years. Does it energize or exhaust you? Your gut reaction matters more than what you think you should want.,,
ResultQuestion,PD037,Do you want to work in Biochemistry & Molecular Biology?,Consider whether this work genuinely appeals to you or just sounds prestigious. Picture yourself doing this daily for years. Does it energize or exhaust you? Your gut reaction matters more than what you think you should want.,,
ResultQuestion,PD038,Do you want to work in Immunology Research?,Consider whether this work genuinely appeals to you or just sounds prestigious. Picture yourself doing this daily for years. Does it energize or exhaust you? Your gut reaction matters more than what you think you should want.,,
ResultQuestion,PD039,Do you want to work in Pharmacology & Drug Development?,Consider whether this work genuinely appeals to you or just sounds prestigious. Picture yourself doing this daily for years. Does it energize or exhaust you? Your gut reaction matters more than what you think you should want.,,
ResultQuestion,PD040,Do you want to work in Microbiology & Infectious Disease?,Consider whether this work genuinely appeals to you or just sounds prestigious. Picture yourself doing this daily for years. Does it energize or exhaust you? Your gut reaction matters more than what you think you should want.,,
ResultQuestion,PD041,Do you want to work in Psychological Research & Science?,Consider whether this work genuinely appeals to you or just sounds prestigious. Picture yourself doing this daily for years. Does it energize or exhaust you? Your gut reaction matters more than what you think you should want.,,
ResultQuestion,PD042,Do you want to work in Sociology Research & Analysis?,Consider whether this work genuinely appeals to you or just sounds prestigious. Picture yourself doing this daily for years. Does it energize or exhaust you? Your gut reaction matters more than what you think you should want.,,
ResultQuestion,PD043,Do you want to work in Economics Research & Analysis?,Consider whether this work genuinely appeals to you or just sounds prestigious. Picture yourself doing this daily for years. Does it energize or exhaust you? Your gut reaction matters more than what you think you should want.,,
ResultQuestion,PD044,Do you want to work in Political Science Research?,Consider whether this work genuinely appeals to you or just sounds prestigious. Picture yourself doing this daily for years. Does it energize or exhaust you? Your gut reaction matters more than what you think you should want.,,
ResultQuestion,PD045,Do you want to work in Anthropology & Archaeological Research?,Consider whether this work genuinely appeals to you or just sounds prestigious. Picture yourself doing this daily for years. Does it energize or exhaust you? Your gut reaction matters more than what you think you should want.,,
ResultQuestion,PD046,Do you want to work in Geography & Spatial Analysis?,Consider whether this work genuinely appeals to you or just sounds prestigious. Picture yourself doing this daily for years. Does it energize or exhaust you? Your gut reaction matters more than what you think you should want.,,
ResultQuestion,PD047,Do you want to work in History Research & Scholarship?,Consider whether this work genuinely appeals to you or just sounds prestigious. Picture yourself doing this daily for years. Does it energize or exhaust you? Your gut reaction matters more than what you think you should want.,,
ResultQuestion,PD048,Do you want to work in Linguistics Research?,Consider whether this work genuinely appeals to you or just sounds prestigious. Picture yourself doing this daily for years. Does it energize or exhaust you? Your gut reaction matters more than what you think you should want.,,
ResultQuestion,PD049,Do you want to work in AI & Machine Learning Engineering?,Consider whether this work genuinely appeals to you or just sounds prestigious. Picture yourself doing this daily for years. Does it energize or exhaust you? Your gut reaction matters more than what you think you should want.,,
ResultQuestion,PD050,Do you want to work in Cybersecurity & Information Security?,Consider whether this work genuinely appeals to you or just sounds prestigious. Picture yourself doing this daily for years. Does it energize or exhaust you? Your gut reaction matters more than what you think you should want.,,
ResultQuestion,PD051,Do you want to work in Cloud Solutions Architecture?,Consider whether this work genuinely appeals to you or just sounds prestigious. Picture yourself doing this daily for years. Does it energize or exhaust you? Your gut reaction matters more than what you think you should want.,,
ResultQuestion,PD052,Do you want to work in DevOps Engineering?,Consider whether this work genuinely appeals to you or just sounds prestigious. Picture yourself doing this daily for years. Does it energize or exhaust you? Your gut reaction matters more than what you think you should want.,,
ResultQuestion,PD053,Do you want to work in Blockchain Development?,Consider whether this work genuinely appeals to you or just sounds prestigious. Picture yourself doing this daily for years. Does it energize or exhaust you? Your gut reaction matters more than what you think you should want.,,
ResultQuestion,PD054,Do you want to work in Quantum Computing Research?,Consider whether this work genuinely appeals to you or just sounds prestigious. Picture yourself doing this daily for years. Does it energize or exhaust you? Your gut reaction matters more than what you think you should want.,,
ResultQuestion,PD055,Do you want to work in Robotics & Autonomous Systems?,Consider whether this work genuinely appeals to you or just sounds prestigious. Picture yourself doing this daily for years. Does it energize or exhaust you? Your gut reaction matters more than what you think you should want.,,
ResultQuestion,PD056,Do you want to work in Augmented & Virtual Reality Development?,Consider whether this work genuinely appeals to you or just sounds prestigious. Picture yourself doing this daily for years. Does it energize or exhaust you? Your gut reaction matters more than what you think you should want.,,
ResultQuestion,PD057,Do you want to work in Nanotechnology Engineering?,Consider whether this work genuinely appeals to you or just sounds prestigious. Picture yourself doing this daily for years. Does it energize or exhaust you? Your gut reaction matters more than what you think you should want.,,
ResultQuestion,PD058,Do you want to work in Biotechnology Research & Development?,Consider whether this work genuinely appeals to you or just sounds prestigious. Picture yourself doing this daily for years. Does it energize or exhaust you? Your gut reaction matters more than what you think you should want.,,
ResultQuestion,PD059,Do you want to work in Renewable Energy Research?,Consider whether this work genuinely appeals to you or just sounds prestigious. Picture yourself doing this daily for years. Does it energize or exhaust you? Your gut reaction matters more than what you think you should want.,,
ResultQuestion,PD060,Do you want to work in Space Technology & Engineering?,Consider whether this work genuinely appeals to you or just sounds prestigious. Picture yourself doing this daily for years. Does it energize or exhaust you? Your gut reaction matters more than what you think you should want.,,
ResultQuestion,PD061,Do you want to work in Drone & UAV Technology?,Consider whether this work genuinely appeals to you or just sounds prestigious. Picture yourself doing this daily for years. Does it energize or exhaust you? Your gut reaction matters more than what you think you should want.,,
ResultQuestion,PD062,Do you want to work in 3D Printing & Additive Manufacturing?,Consider whether this work genuinely appeals to you or just sounds prestigious. Picture yourself doing this daily for years. Does it energize or exhaust you? Your gut reaction matters more than what you think you should want.,,
ResultQuestion,PD063,Do you want to work in Autonomous Vehicle Engineering?,Consider whether this work genuinely appeals to you or just sounds prestigious. Picture yourself doing this daily for years. Does it energize or exhaust you? Your gut reaction matters more than what you think you should want.,,
ResultQuestion,PD064,Do you want to work in Network Architecture & Design?,Consider whether this work genuinely appeals to you or just sounds prestigious. Picture yourself doing this daily for years. Does it energize or exhaust you? Your gut reaction matters more than what you think you should want.,,
ResultQuestion,PD065,Do you want to work in Database Architecture & Design?,Consider whether this work genuinely appeals to you or just sounds prestigious. Picture yourself doing this daily for years. Does it energize or exhaust you? Your gut reaction matters more than what you think you should want.,,
ResultQuestion,PD066,Do you want to work in Systems Analysis & IT Strategy?,Consider whether this work genuinely appeals to you or just sounds prestigious. Picture yourself doing this daily for years. Does it energize or exhaust you? Your gut reaction matters more than what you think you should want.,,
ResultQuestion,PD067,Do you want to work in Information Security Analysis?,Consider whether this work genuinely appeals to you or just sounds prestigious. Picture yourself doing this daily for years. Does it energize or exhaust you? Your gut reaction matters more than what you think you should want.,,
ResultQuestion,PD068,Do you want to work in UX Research & Design?,Consider whether this work genuinely appeals to you or just sounds prestigious. Picture yourself doing this daily for years. Does it energize or exhaust you? Your gut reaction matters more than what you think you should want.,,
ResultQuestion,PD069,Do you want to work in Product Management & Strategy?,Consider whether this work genuinely appeals to you or just sounds prestigious. Picture yourself doing this daily for years. Does it energize or exhaust you? Your gut reaction matters more than what you think you should want.,,
ResultQuestion,PD070,Do you want to work in Digital Marketing & SEO Strategy?,Consider whether this work genuinely appeals to you or just sounds prestigious. Picture yourself doing this daily for years. Does it energize or exhaust you? Your gut reaction matters more than what you think you should want.,,
ResultQuestion,PD071,Do you want to work in Social Media Strategy & Management?,Consider whether this work genuinely appeals to you or just sounds prestigious. Picture yourself doing this daily for years. Does it energize or exhaust you? Your gut reaction matters more than what you think you should want.,,
ResultQuestion,PD072,Do you want to work in Content Creation & Digital Media?,Consider whether this work genuinely appeals to you or just sounds prestigious. Picture yourself doing this daily for years. Does it energize or exhaust you? Your gut reaction matters more than what you think you should want.,,
ResultQuestion,PD073,Do you want to work in E-commerce Management?,Consider whether this work genuinely appeals to you or just sounds prestigious. Picture yourself doing this daily for years. Does it energize or exhaust you? Your gut reaction matters more than what you think you should want.,,
ResultQuestion,PD074,Do you want to work in Growth Marketing & Strategy?,Consider whether this work genuinely appeals to you or just sounds prestigious. Picture yourself doing this daily for years. Does it energize or exhaust you? Your gut reaction matters more than what you think you should want.,,
ResultQuestion,PD075,Do you want to work in Brand Strategy & Development?,Consider whether this work genuinely appeals to you or just sounds prestigious. Picture yourself doing this daily for years. Does it energize or exhaust you? Your gut reaction matters more than what you think you should want.,,
ResultQuestion,PD076,Do you want to work in User Experience Design?,Consider whether this work genuinely appeals to you or just sounds prestigious. Picture yourself doing this daily for years. Does it energize or exhaust you? Your gut reaction matters more than what you think you should want.,,
ResultQuestion,PD077,Do you want to work in Visual Communication & Graphic Design?,Consider whether this work genuinely appeals to you or just sounds prestigious. Picture yourself doing this daily for years. Does it energize or exhaust you? Your gut reaction matters more than what you think you should want.,,
ResultQuestion,PD078,Do you want to work in Game Design & Development?,Consider whether this work genuinely appeals to you or just sounds prestigious. Picture yourself doing this daily for years. Does it energize or exhaust you? Your gut reaction matters more than what you think you should want.,,
ResultQuestion,PD079,Do you want to work in Animation & Visual Effects?,Consider whether this work genuinely appeals to you or just sounds prestigious. Picture yourself doing this daily for years. Does it energize or exhaust you? Your gut reaction matters more than what you think you should want.,,
ResultQuestion,PD080,Do you want to work in Film & Video Production?,Consider whether this work genuinely appeals to you or just sounds prestigious. Picture yourself doing this daily for years. Does it energize or exhaust you? Your gut reaction matters more than what you think you should want.,,
ResultQuestion,PD081,Do you want to work in Photography & Visual Arts?,Consider whether this work genuinely appeals to you or just sounds prestigious. Picture yourself doing this daily for years. Does it energize or exhaust you? Your gut reaction matters more than what you think you should want.,,
ResultQuestion,PD082,Do you want to work in Music Production & Composition?,Consider whether this work genuinely appeals to you or just sounds prestigious. Picture yourself doing this daily for years. Does it energize or exhaust you? Your gut reaction matters more than what you think you should want.,,
ResultQuestion,PD083,Do you want to work in Sound Design & Audio Engineering?,Consider whether this work genuinely appeals to you or just sounds prestigious. Picture yourself doing this daily for years. Does it energize or exhaust you? Your gut reaction matters more than what you think you should want.,,
ResultQuestion,PD084,Do you want to work in Writing & Professional Authorship?,Consider whether this work genuinely appeals to you or just sounds prestigious. Picture yourself doing this daily for years. Does it energize or exhaust you? Your gut reaction matters more than what you think you should want.,,
ResultQuestion,PD085,Do you want to work in Journalism & News Reporting?,Consider whether this work genuinely appeals to you or just sounds prestigious. Picture yourself doing this daily for years. Does it energize or exhaust you? Your gut reaction matters more than what you think you should want.,,
ResultQuestion,PD086,Do you want to work in Technical Writing & Documentation?,Consider whether this work genuinely appeals to you or just sounds prestigious. Picture yourself doing this daily for years. Does it energize or exhaust you? Your gut reaction matters more than what you think you should want.,,
ResultQuestion,PD087,Do you want to work in Editing & Publishing?,Consider whether this work genuinely appeals to you or just sounds prestigious. Picture yourself doing this daily for years. Does it energize or exhaust you? Your gut reaction matters more than what you think you should want.,,
ResultQuestion,PD088,Do you want to work in Translation & Interpretation?,Consider whether this work genuinely appeals to you or just sounds prestigious. Picture yourself doing this daily for years. Does it energize or exhaust you? Your gut reaction matters more than what you think you should want.,,
ResultQuestion,PD089,Do you want to work in Architecture & Design?,Consider whether this work genuinely appeals to you or just sounds prestigious. Picture yourself doing this daily for years. Does it energize or exhaust you? Your gut reaction matters more than what you think you should want.,,
ResultQuestion,PD090,Do you want to work in Landscape Architecture?,Consider whether this work genuinely appeals to you or just sounds prestigious. Picture yourself doing this daily for years. Does it energize or exhaust you? Your gut reaction matters more than what you think you should want.,,
ResultQuestion,PD091,Do you want to work in Interior Design & Space Planning?,Consider whether this work genuinely appeals to you or just sounds prestigious. Picture yourself doing this daily for years. Does it energize or exhaust you? Your gut reaction matters more than what you think you should want.,,
ResultQuestion,PD092,Do you want to work in Urban Planning & Regional Development?,Consider whether this work genuinely appeals to you or just sounds prestigious. Picture yourself doing this daily for years. Does it energize or exhaust you? Your gut reaction matters more than what you think you should want.,,
ResultQuestion,PD093,Do you want to work in Fashion Design & Apparel?,Consider whether this work genuinely appeals to you or just sounds prestigious. Picture yourself doing this daily for years. Does it energize or exhaust you? Your gut reaction matters more than what you think you should want.,,
ResultQuestion,PD094,Do you want to work in Industrial Product Design?,Consider whether this work genuinely appeals to you or just sounds prestigious. Picture yourself doing this daily for years. Does it energize or exhaust you? Your gut reaction matters more than what you think you should want.,,
ResultQuestion,PD095,Do you want to work in Creative Direction & Visual Strategy?,Consider whether this work genuinely appeals to you or just sounds prestigious. Picture yourself doing this daily for years. Does it energize or exhaust you? Your gut reaction matters more than what you think you should want.,,
ResultQuestion,PD096,Do you want to work in Exhibition & Experience Design?,Consider whether this work genuinely appeals to you or just sounds prestigious. Picture yourself doing this daily for years. Does it energize or exhaust you? Your gut reaction matters more than what you think you should want.,,
ResultQuestion,PD097,Do you want to work in Set Design & Theatrical Production?,Consider whether this work genuinely appeals to you or just sounds prestigious. Picture yourself doing this daily for years. Does it energize or exhaust you? Your gut reaction matters more than what you think you should want.,,
ResultQuestion,PD098,Do you want to work in Lighting Design?,Consider whether this work genuinely appeals to you or just sounds prestigious. Picture yourself doing this daily for years. Does it energize or exhaust you? Your gut reaction matters more than what you think you should want.,,
ResultQuestion,PD099,Do you want to work in Performing Arts & Theater?,Consider whether this work genuinely appeals to you or just sounds prestigious. Picture yourself doing this daily for years. Does it energize or exhaust you? Your gut reaction matters more than what you think you should want.,,
ResultQuestion,PD100,Do you want to work in Dance & Choreography?,Consider whether this work genuinely appeals to you or just sounds prestigious. Picture yourself doing this daily for years. Does it energize or exhaust you? Your gut reaction matters more than what you think you should want.,,
ResultQuestion,PD101,Do you want to work in Music Performance?,Consider whether this work genuinely appeals to you or just sounds prestigious. Picture yourself doing this daily for years. Does it energize or exhaust you? Your gut reaction matters more than what you think you should want.,,
ResultQuestion,PD102,Do you want to work in Conducting & Musical Direction?,Consider whether this work genuinely appeals to you or just sounds prestigious. Picture yourself doing this daily for years. Does it energize or exhaust you? Your gut reaction matters more than what you think you should want.,,
ResultQuestion,PD103,Do you want to work in Professional Athletics?,Consider whether this work genuinely appeals to you or just sounds prestigious. Picture yourself doing this daily for years. Does it energize or exhaust you? Your gut reaction matters more than what you think you should want.,,
ResultQuestion,PD104,Do you want to work in Coaching & Athletic Development?,Consider whether this work genuinely appeals to you or just sounds prestigious. Picture yourself doing this daily for years. Does it energize or exhaust you? Your gut reaction matters more than what you think you should want.,,
ResultQuestion,PD105,Do you want to work in Sports Medicine & Performance?,Consider whether this work genuinely appeals to you or just sounds prestigious. Picture yourself doing this daily for years. Does it energize or exhaust you? Your gut reaction matters more than what you think you should want.,,
ResultQuestion,PD106,Do you want to work in General Medicine & Internal Medicine?,Consider whether this work genuinely appeals to you or just sounds prestigious. Picture yourself doing this daily for years. Does it energize or exhaust you? Your gut reaction matters more than what you think you should want.,,
ResultQuestion,PD107,Do you want to work in Family Medicine Practice?,Consider whether this work genuinely appeals to you or just sounds prestigious. Picture yourself doing this daily for years. Does it energize or exhaust you? Your gut reaction matters more than what you think you should want.,,
ResultQuestion,PD108,Do you want to work in Pediatric Medicine?,Consider whether this work genuinely appeals to you or just sounds prestigious. Picture yourself doing this daily for years. Does it energize or exhaust you? Your gut reaction matters more than what you think you should want.,,
ResultQuestion,PD109,Do you want to work in Surgical Medicine - General Surgery?,Consider whether this work genuinely appeals to you or just sounds prestigious. Picture yourself doing this daily for years. Does it energize or exhaust you? Your gut reaction matters more than what you think you should want.,,
ResultQuestion,PD110,Do you want to work in Surgical Medicine - Neurosurgery?,Consider whether this work genuinely appeals to you or just sounds prestigious. Picture yourself doing this daily for years. Does it energize or exhaust you? Your gut reaction matters more than what you think you should want.,,
ResultQuestion,PD111,Do you want to work in Surgical Medicine - Cardiothoracic?,Consider whether this work genuinely appeals to you or just sounds prestigious. Picture yourself doing this daily for years. Does it energize or exhaust you? Your gut reaction matters more than what you think you should want.,,
ResultQuestion,PD112,Do you want to work in Surgical Medicine - Orthopedic?,Consider whether this work genuinely appeals to you or just sounds prestigious. Picture yourself doing this daily for years. Does it energize or exhaust you? Your gut reaction matters more than what you think you should want.,,
ResultQuestion,PD113,Do you want to work in Surgical Medicine - Plastic & Reconstructive?,Consider whether this work genuinely appeals to you or just sounds prestigious. Picture yourself doing this daily for years. Does it energize or exhaust you? Your gut reaction matters more than what you think you should want.,,
ResultQuestion,PD114,Do you want to work in Emergency Medicine Practice?,Consider whether this work genuinely appeals to you or just sounds prestigious. Picture yourself doing this daily for years. Does it energize or exhaust you? Your gut reaction matters more than what you think you should want.,,
ResultQuestion,PD115,Do you want to work in Cardiology Practice?,Consider whether this work genuinely appeals to you or just sounds prestigious. Picture yourself doing this daily for years. Does it energize or exhaust you? Your gut reaction matters more than what you think you should want.,,
ResultQuestion,PD116,Do you want to work in Oncology & Cancer Care?,Consider whether this work genuinely appeals to you or just sounds prestigious. Picture yourself doing this daily for years. Does it energize or exhaust you? Your gut reaction matters more than what you think you should want.,,
ResultQuestion,PD117,Do you want to work in Psychiatry & Mental Health Medicine?,Consider whether this work genuinely appeals to you or just sounds prestigious. Picture yourself doing this daily for years. Does it energize or exhaust you? Your gut reaction matters more than what you think you should want.,,
ResultQuestion,PD118,Do you want to work in Anesthesiology Practice?,Consider whether this work genuinely appeals to you or just sounds prestigious. Picture yourself doing this daily for years. Does it energize or exhaust you? Your gut reaction matters more than what you think you should want.,,
ResultQuestion,PD119,Do you want to work in Radiology & Diagnostic Imaging?,Consider whether this work genuinely appeals to you or just sounds prestigious. Picture yourself doing this daily for years. Does it energize or exhaust you? Your gut reaction matters more than what you think you should want.,,
ResultQuestion,PD120,Do you want to work in Pathology & Laboratory Medicine?,Consider whether this work genuinely appeals to you or just sounds prestigious. Picture yourself doing this daily for years. Does it energize or exhaust you? Your gut reaction matters more than what you think you should want.,,
ResultQuestion,PD121,Do you want to work in Dermatology Practice?,Consider whether this work genuinely appeals to you or just sounds prestigious. Picture yourself doing this daily for years. Does it energize or exhaust you? Your gut reaction matters more than what you think you should want.,,
ResultQuestion,PD122,Do you want to work in Neurology Practice?,Consider whether this work genuinely appeals to you or just sounds prestigious. Picture yourself doing this daily for years. Does it energize or exhaust you? Your gut reaction matters more than what you think you should want.,,
ResultQuestion,PD123,Do you want to work in Obstetrics & Gynecology?,Consider whether this work genuinely appeals to you or just sounds prestigious. Picture yourself doing this daily for years. Does it energize or exhaust you? Your gut reaction matters more than what you think you should want.,,
ResultQuestion,PD124,Do you want to work in Ophthalmology & Vision Care?,Consider whether this work genuinely appeals to you or just sounds prestigious. Picture yourself doing this daily for years. Does it energize or exhaust you? Your gut reaction matters more than what you think you should want.,,
ResultQuestion,PD125,Do you want to work in Urology Practice?,Consider whether this work genuinely appeals to you or just sounds prestigious. Picture yourself doing this daily for years. Does it energize or exhaust you? Your gut reaction matters more than what you think you should want.,,
ResultQuestion,PD126,Do you want to work in Gastroenterology Practice?,Consider whether this work genuinely appeals to you or just sounds prestigious. Picture yourself doing this daily for years. Does it energize or exhaust you? Your gut reaction matters more than what you think you should want.,,
ResultQuestion,PD127,Do you want to work in Endocrinology Practice?,Consider whether this work genuinely appeals to you or just sounds prestigious. Picture yourself doing this daily for years. Does it energize or exhaust you? Your gut reaction matters more than what you think you should want.,,
ResultQuestion,PD128,Do you want to work in Rheumatology Practice?,Consider whether this work genuinely appeals to you or just sounds prestigious. Picture yourself doing this daily for years. Does it energize or exhaust you? Your gut reaction matters more than what you think you should want.,,
ResultQuestion,PD129,Do you want to work in Infectious Disease Medicine?,Consider whether this work genuinely appeals to you or just sounds prestigious. Picture yourself doing this daily for years. Does it energize or exhaust you? Your gut reaction matters more than what you think you should want.,,
ResultQuestion,PD130,Do you want to work in Palliative Care & Hospice Medicine?,Consider whether this work genuinely appeals to you or just sounds prestigious. Picture yourself doing this daily for years. Does it energize or exhaust you? Your gut reaction matters more than what you think you should want.,,
ResultQuestion,PD131,Do you want to work in Physical Medicine & Rehabilitation?,Consider whether this work genuinely appeals to you or just sounds prestigious. Picture yourself doing this daily for years. Does it energize or exhaust you? Your gut reaction matters more than what you think you should want.,,
ResultQuestion,PD132,Do you want to work in Addiction Medicine Practice?,Consider whether this work genuinely appeals to you or just sounds prestigious. Picture yourself doing this daily for years. Does it energize or exhaust you? Your gut reaction matters more than what you think you should want.,,
ResultQuestion,PD133,Do you want to work in Critical Care & Intensive Medicine?,Consider whether this work genuinely appeals to you or just sounds prestigious. Picture yourself doing this daily for years. Does it energize or exhaust you? Your gut reaction matters more than what you think you should want.,,
ResultQuestion,PD134,Do you want to work in Hospitalist Medicine?,Consider whether this work genuinely appeals to you or just sounds prestigious. Picture yourself doing this daily for years. Does it energize or exhaust you? Your gut reaction matters more than what you think you should want.,,
ResultQuestion,PD135,Do you want to work in Sports Medicine Physicians?,Consider whether this work genuinely appeals to you or just sounds prestigious. Picture yourself doing this daily for years. Does it energize or exhaust you? Your gut reaction matters more than what you think you should want.,,
ResultQuestion,PD136,Do you want to work in Geriatric Medicine?,Consider whether this work genuinely appeals to you or just sounds prestigious. Picture yourself doing this daily for years. Does it energize or exhaust you? Your gut reaction matters more than what you think you should want.,,
ResultQuestion,PD137,Do you want to work in Sleep Medicine Practice?,Consider whether this work genuinely appeals to you or just sounds prestigious. Picture yourself doing this daily for years. Does it energize or exhaust you? Your gut reaction matters more than what you think you should want.,,
ResultQuestion,PD138,Do you want to work in Neonatal Medicine & Intensive Care?,Consider whether this work genuinely appeals to you or just sounds prestigious. Picture yourself doing this daily for years. Does it energize or exhaust you? Your gut reaction matters more than what you think you should want.,,
ResultQuestion,PD139,Do you want to work in Genetic Medicine & Counseling?,Consider whether this work genuinely appeals to you or just sounds prestigious. Picture yourself doing this daily for years. Does it energize or exhaust you? Your gut reaction matters more than what you think you should want.,,
ResultQuestion,PD140,Do you want to work in Preventive Medicine & Public Health?,Consider whether this work genuinely appeals to you or just sounds prestigious. Picture yourself doing this daily for years. Does it energize or exhaust you? Your gut reaction matters more than what you think you should want.,,
ResultQuestion,PD141,Do you want to work in Nursing Practice - Registered Nurses?,Consider whether this work genuinely appeals to you or just sounds prestigious. Picture yourself doing this daily for years. Does it energize or exhaust you? Your gut reaction matters more than what you think you should want.,,
ResultQuestion,PD142,Do you want to work in Advanced Nursing Practice - Nurse Practitioners?,Consider whether this work genuinely appeals to you or just sounds prestigious. Picture yourself doing this daily for years. Does it energize or exhaust you? Your gut reaction matters more than what you think you should want.,,
ResultQuestion,PD143,Do you want to work in Advanced Nursing Practice - Nurse Anesthetists?,Consider whether this work genuinely appeals to you or just sounds prestigious. Picture yourself doing this daily for years. Does it energize or exhaust you? Your gut reaction matters more than what you think you should want.,,
ResultQuestion,PD144,Do you want to work in Nurse Midwifery Practice?,Consider whether this work genuinely appeals to you or just sounds prestigious. Picture yourself doing this daily for years. Does it energize or exhaust you? Your gut reaction matters more than what you think you should want.,,
ResultQuestion,PD145,Do you want to work in Physician Assistant Practice?,Consider whether this work genuinely appeals to you or just sounds prestigious. Picture yourself doing this daily for years. Does it energize or exhaust you? Your gut reaction matters more than what you think you should want.,,
ResultQuestion,PD146,Do you want to work in Pharmacy & Pharmaceutical Practice?,Consider whether this work genuinely appeals to you or just sounds prestigious. Picture yourself doing this daily for years. Does it energize or exhaust you? Your gut reaction matters more than what you think you should want.,,
ResultQuestion,PD147,Do you want to work in Physical Therapy Practice?,Consider whether this work genuinely appeals to you or just sounds prestigious. Picture yourself doing this daily for years. Does it energize or exhaust you? Your gut reaction matters more than what you think you should want.,,
ResultQuestion,PD148,Do you want to work in Occupational Therapy Practice?,Consider whether this work genuinely appeals to you or just sounds prestigious. Picture yourself doing this daily for years. Does it energize or exhaust you? Your gut reaction matters more than what you think you should want.,,
ResultQuestion,PD149,Do you want to work in Speech-Language Pathology?,Consider whether this work genuinely appeals to you or just sounds prestigious. Picture yourself doing this daily for years. Does it energize or exhaust you? Your gut reaction matters more than what you think you should want.,,
ResultQuestion,PD150,Do you want to work in Respiratory Therapy Practice?,Consider whether this work genuinely appeals to you or just sounds prestigious. Picture yourself doing this daily for years. Does it energize or exhaust you? Your gut reaction matters more than what you think you should want.,,
ResultQuestion,PD151,Do you want to work in Radiation Therapy Practice?,Consider whether this work genuinely appeals to you or just sounds prestigious. Picture yourself doing this daily for years. Does it energize or exhaust you? Your gut reaction matters more than what you think you should want.,,
ResultQuestion,PD152,Do you want to work in Medical Laboratory Science?,Consider whether this work genuinely appeals to you or just sounds prestigious. Picture yourself doing this daily for years. Does it energize or exhaust you? Your gut reaction matters more than what you think you should want.,,
ResultQuestion,PD153,Do you want to work in Diagnostic Medical Sonography?,Consider whether this work genuinely appeals to you or just sounds prestigious. Picture yourself doing this daily for years. Does it energize or exhaust you? Your gut reaction matters more than what you think you should want.,,
ResultQuestion,PD154,Do you want to work in Radiologic Technology?,Consider whether this work genuinely appeals to you or just sounds prestigious. Picture yourself doing this daily for years. Does it energize or exhaust you? Your gut reaction matters more than what you think you should want.,,
ResultQuestion,PD155,Do you want to work in Surgical Technology?,Consider whether this work genuinely appeals to you or just sounds prestigious. Picture yourself doing this daily for years. Does it energize or exhaust you? Your gut reaction matters more than what you think you should want.,,
ResultQuestion,PD156,Do you want to work in Dental Practice & Oral Health?,Consider whether this work genuinely appeals to you or just sounds prestigious. Picture yourself doing this daily for years. Does it energize or exhaust you? Your gut reaction matters more than what you think you should want.,,
ResultQuestion,PD157,Do you want to work in Dental Hygiene Practice?,Consider whether this work genuinely appeals to you or just sounds prestigious. Picture yourself doing this daily for years. Does it energize or exhaust you? Your gut reaction matters more than what you think you should want.,,
ResultQuestion,PD158,Do you want to work in Orthodontic Practice?,Consider whether this work genuinely appeals to you or just sounds prestigious. Picture yourself doing this daily for years. Does it energize or exhaust you? Your gut reaction matters more than what you think you should want.,,
ResultQuestion,PD159,Do you want to work in Veterinary Medicine?,Consider whether this work genuinely appeals to you or just sounds prestigious. Picture yourself doing this daily for years. Does it energize or exhaust you? Your gut reaction matters more than what you think you should want.,,
ResultQuestion,PD160,Do you want to work in Optometry & Vision Care?,Consider whether this work genuinely appeals to you or just sounds prestigious. Picture yourself doing this daily for years. Does it energize or exhaust you? Your gut reaction matters more than what you think you should want.,,
ResultQuestion,PD161,Do you want to work in Podiatric Medicine?,Consider whether this work genuinely appeals to you or just sounds prestigious. Picture yourself doing this daily for years. Does it energize or exhaust you? Your gut reaction matters more than what you think you should want.,,
ResultQuestion,PD162,Do you want to work in Chiropractic Medicine?,Consider whether this work genuinely appeals to you or just sounds prestigious. Picture yourself doing this daily for years. Does it energize or exhaust you? Your gut reaction matters more than what you think you should want.,,
ResultQuestion,PD163,Do you want to work in Acupuncture & Traditional Medicine?,Consider whether this work genuinely appeals to you or just sounds prestigious. Picture yourself doing this daily for years. Does it energize or exhaust you? Your gut reaction matters more than what you think you should want.,,
ResultQuestion,PD164,Do you want to work in Massage Therapy & Bodywork?,Consider whether this work genuinely appeals to you or just sounds prestigious. Picture yourself doing this daily for years. Does it energize or exhaust you? Your gut reaction matters more than what you think you should want.,,
ResultQuestion,PD165,Do you want to work in Nutrition & Dietetics Practice?,Consider whether this work genuinely appeals to you or just sounds prestigious. Picture yourself doing this daily for years. Does it energize or exhaust you? Your gut reaction matters more than what you think you should want.,,
ResultQuestion,PD166,Do you want to work in Mental Health Counseling?,Consider whether this work genuinely appeals to you or just sounds prestigious. Picture yourself doing this daily for years. Does it energize or exhaust you? Your gut reaction matters more than what you think you should want.,,
ResultQuestion,PD167,Do you want to work in Clinical Psychology & Psychotherapy?,Consider whether this work genuinely appeals to you or just sounds prestigious. Picture yourself doing this daily for years. Does it energize or exhaust you? Your gut reaction matters more than what you think you should want.,,
ResultQuestion,PD168,Do you want to work in Marriage & Family Therapy?,Consider whether this work genuinely appeals to you or just sounds prestigious. Picture yourself doing this daily for years. Does it energize or exhaust you? Your gut reaction matters more than what you think you should want.,,
ResultQuestion,PD169,Do you want to work in School Psychology & Counseling?,Consider whether this work genuinely appeals to you or just sounds prestigious. Picture yourself doing this daily for years. Does it energize or exhaust you? Your gut reaction matters more than what you think you should want.,,
ResultQuestion,PD170,Do you want to work in Social Work Practice?,Consider whether this work genuinely appeals to you or just sounds prestigious. Picture yourself doing this daily for years. Does it energize or exhaust you? Your gut reaction matters more than what you think you should want.,,
ResultQuestion,PD171,Do you want to work in Substance Abuse & Addiction Counseling?,Consider whether this work genuinely appeals to you or just sounds prestigious. Picture yourself doing this daily for years. Does it energize or exhaust you? Your gut reaction matters more than what you think you should want.,,
ResultQuestion,PD172,Do you want to work in Rehabilitation Counseling?,Consider whether this work genuinely appeals to you or just sounds prestigious. Picture yourself doing this daily for years. Does it energize or exhaust you? Your gut reaction matters more than what you think you should want.,,
ResultQuestion,PD173,Do you want to work in Career Counseling & Development?,Consider whether this work genuinely appeals to you or just sounds prestigious. Picture yourself doing this daily for years. Does it energize or exhaust you? Your gut reaction matters more than what you think you should want.,,
ResultQuestion,PD174,Do you want to work in Life Coaching & Personal Development?,Consider whether this work genuinely appeals to you or just sounds prestigious. Picture yourself doing this daily for years. Does it energize or exhaust you? Your gut reaction matters more than what you think you should want.,,
ResultQuestion,PD175,Do you want to work in Executive Coaching & Leadership Development?,Consider whether this work genuinely appeals to you or just sounds prestigious. Picture yourself doing this daily for years. Does it energize or exhaust you? Your gut reaction matters more than what you think you should want.,,
ResultQuestion,PD176,Do you want to work in Legal Practice & Advocacy?,Consider whether this work genuinely appeals to you or just sounds prestigious. Picture yourself doing this daily for years. Does it energize or exhaust you? Your gut reaction matters more than what you think you should want.,,
ResultQuestion,PD177,Do you want to work in Judicial Leadership & Adjudication?,Consider whether this work genuinely appeals to you or just sounds prestigious. Picture yourself doing this daily for years. Does it energize or exhaust you? Your gut reaction matters more than what you think you should want.,,
ResultQuestion,PD178,Do you want to work in Corporate Law Practice?,Consider whether this work genuinely appeals to you or just sounds prestigious. Picture yourself doing this daily for years. Does it energize or exhaust you? Your gut reaction matters more than what you think you should want.,,
ResultQuestion,PD179,Do you want to work in Criminal Defense Law?,Consider whether this work genuinely appeals to you or just sounds prestigious. Picture yourself doing this daily for years. Does it energize or exhaust you? Your gut reaction matters more than what you think you should want.,,
ResultQuestion,PD180,Do you want to work in Prosecution & District Attorney?,Consider whether this work genuinely appeals to you or just sounds prestigious. Picture yourself doing this daily for years. Does it energize or exhaust you? Your gut reaction matters more than what you think you should want.,,
ResultQuestion,PD181,Do you want to work in Public Interest & Civil Rights Law?,Consider whether this work genuinely appeals to you or just sounds prestigious. Picture yourself doing this daily for years. Does it energize or exhaust you? Your gut reaction matters more than what you think you should want.,,
ResultQuestion,PD182,Do you want to work in Immigration Law & Services?,Consider whether this work genuinely appeals to you or just sounds prestigious. Picture yourself doing this daily for years. Does it energize or exhaust you? Your gut reaction matters more than what you think you should want.,,
ResultQuestion,PD183,Do you want to work in Environmental Law & Policy?,Consider whether this work genuinely appeals to you or just sounds prestigious. Picture yourself doing this daily for years. Does it energize or exhaust you? Your gut reaction matters more than what you think you should want.,,
ResultQuestion,PD184,Do you want to work in Intellectual Property Law?,Consider whether this work genuinely appeals to you or just sounds prestigious. Picture yourself doing this daily for years. Does it energize or exhaust you? Your gut reaction matters more than what you think you should want.,,
ResultQuestion,PD185,Do you want to work in Family Law Practice?,Consider whether this work genuinely appeals to you or just sounds prestigious. Picture yourself doing this daily for years. Does it energize or exhaust you? Your gut reaction matters more than what you think you should want.,,
ResultQuestion,PD186,Do you want to work in Tax Law & Planning?,Consider whether this work genuinely appeals to you or just sounds prestigious. Picture yourself doing this daily for years. Does it energize or exhaust you? Your gut reaction matters more than what you think you should want.,,
ResultQuestion,PD187,Do you want to work in Real Estate Law?,Consider whether this work genuinely appeals to you or just sounds prestigious. Picture yourself doing this daily for years. Does it energize or exhaust you? Your gut reaction matters more than what you think you should want.,,
ResultQuestion,PD188,Do you want to work in Labor & Employment Law?,Consider whether this work genuinely appeals to you or just sounds prestigious. Picture yourself doing this daily for years. Does it energize or exhaust you? Your gut reaction matters more than what you think you should want.,,
ResultQuestion,PD189,Do you want to work in Healthcare Law & Compliance?,Consider whether this work genuinely appeals to you or just sounds prestigious. Picture yourself doing this daily for years. Does it energize or exhaust you? Your gut reaction matters more than what you think you should want.,,
ResultQuestion,PD190,Do you want to work in International Law & Diplomacy?,Consider whether this work genuinely appeals to you or just sounds prestigious. Picture yourself doing this daily for years. Does it energize or exhaust you? Your gut reaction matters more than what you think you should want.,,
ResultQuestion,PD191,Do you want to work in Paralegal & Legal Support?,Consider whether this work genuinely appeals to you or just sounds prestigious. Picture yourself doing this daily for years. Does it energize or exhaust you? Your gut reaction matters more than what you think you should want.,,
ResultQuestion,PD192,Do you want to work in Law Enforcement - Police Officers?,Consider whether this work genuinely appeals to you or just sounds prestigious. Picture yourself doing this daily for years. Does it energize or exhaust you? Your gut reaction matters more than what you think you should want.,,
ResultQuestion,PD193,Do you want to work in Criminal Investigation & Detection?,Consider whether this work genuinely appeals to you or just sounds prestigious. Picture yourself doing this daily for years. Does it energize or exhaust you? Your gut reaction matters more than what you think you should want.,,
ResultQuestion,PD194,Do you want to work in Corrections & Custody?,Consider whether this work genuinely appeals to you or just sounds prestigious. Picture yourself doing this daily for years. Does it energize or exhaust you? Your gut reaction matters more than what you think you should want.,,
ResultQuestion,PD195,Do you want to work in Emergency Management & Disaster Response?,Consider whether this work genuinely appeals to you or just sounds prestigious. Picture yourself doing this daily for years. Does it energize or exhaust you? Your gut reaction matters more than what you think you should want.,,
ResultQuestion,PD196,Do you want to work in Firefighting & Emergency Services?,Consider whether this work genuinely appeals to you or just sounds prestigious. Picture yourself doing this daily for years. Does it energize or exhaust you? Your gut reaction matters more than what you think you should want.,,
ResultQuestion,PD197,Do you want to work in Homeland Security & Public Safety?,Consider whether this work genuinely appeals to you or just sounds prestigious. Picture yourself doing this daily for years. Does it energize or exhaust you? Your gut reaction matters more than what you think you should want.,,
ResultQuestion,PD198,Do you want to work in Private Investigation & Security?,Consider whether this work genuinely appeals to you or just sounds prestigious. Picture yourself doing this daily for years. Does it energize or exhaust you? Your gut reaction matters more than what you think you should want.,,
ResultQuestion,PD199,Do you want to work in Cybersecurity & Digital Forensics?,Consider whether this work genuinely appeals to you or just sounds prestigious. Picture yourself doing this daily for years. Does it energize or exhaust you? Your gut reaction matters more than what you think you should want.,,
ResultQuestion,PD200,Do you want to work in Intelligence Analysis & National Security?,Consider whether this work genuinely appeals to you or just sounds prestigious. Picture yourself doing this daily for years. Does it energize or exhaust you? Your gut reaction matters more than what you think you should want.,,
ResultQuestion,PD201,Do you want to work in Elementary Education?,Consider whether this work genuinely appeals to you or just sounds prestigious. Picture yourself doing this daily for years. Does it energize or exhaust you? Your gut reaction matters more than what you think you should want.,,
ResultQuestion,PD202,Do you want to work in Secondary Education - High School?,Consider whether this work genuinely appeals to you or just sounds prestigious. Picture yourself doing this daily for years. Does it energize or exhaust you? Your gut reaction matters more than what you think you should want.,,
ResultQuestion,PD203,Do you want to work in Middle School Education?,Consider whether this work genuinely appeals to you or just sounds prestigious. Picture yourself doing this daily for years. Does it energize or exhaust you? Your gut reaction matters more than what you think you should want.,,
ResultQuestion,PD204,Do you want to work in Special Education Services?,Consider whether this work genuinely appeals to you or just sounds prestigious. Picture yourself doing this daily for years. Does it energize or exhaust you? Your gut reaction matters more than what you think you should want.,,
ResultQuestion,PD205,Do you want to work in Early Childhood Education?,Consider whether this work genuinely appeals to you or just sounds prestigious. Picture yourself doing this daily for years. Does it energize or exhaust you? Your gut reaction matters more than what you think you should want.,,
ResultQuestion,PD206,Do you want to work in English & Literature Education?,Consider whether this work genuinely appeals to you or just sounds prestigious. Picture yourself doing this daily for years. Does it energize or exhaust you? Your gut reaction matters more than what you think you should want.,,
ResultQuestion,PD207,Do you want to work in Mathematics Education?,Consider whether this work genuinely appeals to you or just sounds prestigious. Picture yourself doing this daily for years. Does it energize or exhaust you? Your gut reaction matters more than what you think you should want.,,
ResultQuestion,PD208,Do you want to work in Science Education?,Consider whether this work genuinely appeals to you or just sounds prestigious. Picture yourself doing this daily for years. Does it energize or exhaust you? Your gut reaction matters more than what you think you should want.,,
ResultQuestion,PD209,Do you want to work in Social Studies & History Education?,Consider whether this work genuinely appeals to you or just sounds prestigious. Picture yourself doing this daily for years. Does it energize or exhaust you? Your gut reaction matters more than what you think you should want.,,
ResultQuestion,PD210,Do you want to work in Foreign Language Education?,Consider whether this work genuinely appeals to you or just sounds prestigious. Picture yourself doing this daily for years. Does it energize or exhaust you? Your gut reaction matters more than what you think you should want.,,
ResultQuestion,PD211,Do you want to work in Physical Education & Athletics?,Consider whether this work genuinely appeals to you or just sounds prestigious. Picture yourself doing this daily for years. Does it energize or exhaust you? Your gut reaction matters more than what you think you should want.,,
ResultQuestion,PD212,Do you want to work in Music Education?,Consider whether this work genuinely appeals to you or just sounds prestigious. Picture yourself doing this daily for years. Does it energize or exhaust you? Your gut reaction matters more than what you think you should want.,,
ResultQuestion,PD213,Do you want to work in Art & Visual Arts Education?,Consider whether this work genuinely appeals to you or just sounds prestigious. Picture yourself doing this daily for years. Does it energize or exhaust you? Your gut reaction matters more than what you think you should want.,,
ResultQuestion,PD214,Do you want to work in Career & Technical Education?,Consider whether this work genuinely appeals to you or just sounds prestigious. Picture yourself doing this daily for years. Does it energize or exhaust you? Your gut reaction matters more than what you think you should want.,,
ResultQuestion,PD215,Do you want to work in Educational Leadership & Administration?,Consider whether this work genuinely appeals to you or just sounds prestigious. Picture yourself doing this daily for years. Does it energize or exhaust you? Your gut reaction matters more than what you think you should want.,,
ResultQuestion,PD216,Do you want to work in Higher Education Teaching?,Consider whether this work genuinely appeals to you or just sounds prestigious. Picture yourself doing this daily for years. Does it energize or exhaust you? Your gut reaction matters more than what you think you should want.,,
ResultQuestion,PD217,Do you want to work in Curriculum Development & Instruction?,Consider whether this work genuinely appeals to you or just sounds prestigious. Picture yourself doing this daily for years. Does it energize or exhaust you? Your gut reaction matters more than what you think you should want.,,
ResultQuestion,PD218,Do you want to work in Educational Counseling & Guidance?,Consider whether this work genuinely appeals to you or just sounds prestigious. Picture yourself doing this daily for years. Does it energize or exhaust you? Your gut reaction matters more than what you think you should want.,,
ResultQuestion,PD219,Do you want to work in Library & Information Services?,Consider whether this work genuinely appeals to you or just sounds prestigious. Picture yourself doing this daily for years. Does it energize or exhaust you? Your gut reaction matters more than what you think you should want.,,
ResultQuestion,PD220,Do you want to work in Adult Education & Literacy?,Consider whether this work genuinely appeals to you or just sounds prestigious. Picture yourself doing this daily for years. Does it energize or exhaust you? Your gut reaction matters more than what you think you should want.,,
ResultQuestion,PD221,Do you want to work in Corporate Training & Development?,Consider whether this work genuinely appeals to you or just sounds prestigious. Picture yourself doing this daily for years. Does it energize or exhaust you? Your gut reaction matters more than what you think you should want.,,
ResultQuestion,PD222,Do you want to work in Instructional Design & eLearning?,Consider whether this work genuinely appeals to you or just sounds prestigious. Picture yourself doing this daily for years. Does it energize or exhaust you? Your gut reaction matters more than what you think you should want.,,
ResultQuestion,PD223,Do you want to work in Executive Leadership?,Consider whether this work genuinely appeals to you or just sounds prestigious. Picture yourself doing this daily for years. Does it energize or exhaust you? Your gut reaction matters more than what you think you should want.,,
ResultQuestion,PD224,Do you want to work in General Management & Operations?,Consider whether this work genuinely appeals to you or just sounds prestigious. Picture yourself doing this daily for years. Does it energize or exhaust you? Your gut reaction matters more than what you think you should want.,,
ResultQuestion,PD225,Do you want to work in Strategic Planning & Consulting?,Consider whether this work genuinely appeals to you or just sounds prestigious. Picture yourself doing this daily for years. Does it energize or exhaust you? Your gut reaction matters more than what you think you should want.,,
ResultQuestion,PD226,Do you want to work in Project Management & Planning?,Consider whether this work genuinely appeals to you or just sounds prestigious. Picture yourself doing this daily for years. Does it energize or exhaust you? Your gut reaction matters more than what you think you should want.,,
ResultQuestion,PD227,Do you want to work in Human Resources Leadership?,Consider whether this work genuinely appeals to you or just sounds prestigious. Picture yourself doing this daily for years. Does it energize or exhaust you? Your gut reaction matters more than what you think you should want.,,
ResultQuestion,PD228,Do you want to work in Talent Acquisition & Recruiting?,Consider whether this work genuinely appeals to you or just sounds prestigious. Picture yourself doing this daily for years. Does it energize or exhaust you? Your gut reaction matters more than what you think you should want.,,
ResultQuestion,PD229,Do you want to work in Compensation Strategy & Design?,Consider whether this work genuinely appeals to you or just sounds prestigious. Picture yourself doing this daily for years. Does it energize or exhaust you? Your gut reaction matters more than what you think you should want.,,
ResultQuestion,PD230,Do you want to work in Labor Relations & Negotiation?,Consider whether this work genuinely appeals to you or just sounds prestigious. Picture yourself doing this daily for years. Does it energize or exhaust you? Your gut reaction matters more than what you think you should want.,,
ResultQuestion,PD231,Do you want to work in Organizational Development?,Consider whether this work genuinely appeals to you or just sounds prestigious. Picture yourself doing this daily for years. Does it energize or exhaust you? Your gut reaction matters more than what you think you should want.,,
ResultQuestion,PD232,Do you want to work in Sales Leadership & Strategy?,Consider whether this work genuinely appeals to you or just sounds prestigious. Picture yourself doing this daily for years. Does it energize or exhaust you? Your gut reaction matters more than what you think you should want.,,
ResultQuestion,PD233,Do you want to work in Marketing Leadership & Strategy?,Consider whether this work genuinely appeals to you or just sounds prestigious. Picture yourself doing this daily for years. Does it energize or exhaust you? Your gut reaction matters more than what you think you should want.,,
ResultQuestion,PD234,Do you want to work in Product Management & Strategy?,Consider whether this work genuinely appeals to you or just sounds prestigious. Picture yourself doing this daily for years. Does it energize or exhaust you? Your gut reaction matters more than what you think you should want.,,
ResultQuestion,PD235,Do you want to work in Operations Management & Supply Chain?,Consider whether this work genuinely appeals to you or just sounds prestigious. Picture yourself doing this daily for years. Does it energize or exhaust you? Your gut reaction matters more than what you think you should want.,,
ResultQuestion,PD236,Do you want to work in Quality Assurance & Management?,Consider whether this work genuinely appeals to you or just sounds prestigious. Picture yourself doing this daily for years. Does it energize or exhaust you? Your gut reaction matters more than what you think you should want.,,
ResultQuestion,PD237,Do you want to work in Supply Chain & Logistics Management?,Consider whether this work genuinely appeals to you or just sounds prestigious. Picture yourself doing this daily for years. Does it energize or exhaust you? Your gut reaction matters more than what you think you should want.,,
ResultQuestion,PD238,Do you want to work in Purchasing & Procurement Leadership?,Consider whether this work genuinely appeals to you or just sounds prestigious. Picture yourself doing this daily for years. Does it energize or exhaust you? Your gut reaction matters more than what you think you should want.,,
ResultQuestion,PD239,Do you want to work in Financial Management & Strategy?,Consider whether this work genuinely appeals to you or just sounds prestigious. Picture yourself doing this daily for years. Does it energize or exhaust you? Your gut reaction matters more than what you think you should want.,,
ResultQuestion,PD240,Do you want to work in Accounting & Financial Auditing?,Consider whether this work genuinely appeals to you or just sounds prestigious. Picture yourself doing this daily for years. Does it energize or exhaust you? Your gut reaction matters more than what you think you should want.,,
ResultQuestion,PD241,Do you want to work in Financial Analysis & Investment Research?,Consider whether this work genuinely appeals to you or just sounds prestigious. Picture yourself doing this daily for years. Does it energize or exhaust you? Your gut reaction matters more than what you think you should want.,,
ResultQuestion,PD242,Do you want to work in Budget Analysis & Financial Planning?,Consider whether this work genuinely appeals to you or just sounds prestigious. Picture yourself doing this daily for years. Does it energize or exhaust you? Your gut reaction matters more than what you think you should want.,,
ResultQuestion,PD243,Do you want to work in Investment Banking & M&A?,Consider whether this work genuinely appeals to you or just sounds prestigious. Picture yourself doing this daily for years. Does it energize or exhaust you? Your gut reaction matters more than what you think you should want.,,
ResultQuestion,PD244,Do you want to work in Equity Research & Analysis?,Consider whether this work genuinely appeals to you or just sounds prestigious. Picture yourself doing this daily for years. Does it energize or exhaust you? Your gut reaction matters more than what you think you should want.,,
ResultQuestion,PD245,Do you want to work in Portfolio Management & Asset Allocation?,Consider whether this work genuinely appeals to you or just sounds prestigious. Picture yourself doing this daily for years. Does it energize or exhaust you? Your gut reaction matters more than what you think you should want.,,
ResultQuestion,PD246,Do you want to work in Hedge Fund Analysis & Trading?,Consider whether this work genuinely appeals to you or just sounds prestigious. Picture yourself doing this daily for years. Does it energize or exhaust you? Your gut reaction matters more than what you think you should want.,,
ResultQuestion,PD247,Do you want to work in Venture Capital & Startup Investment?,Consider whether this work genuinely appeals to you or just sounds prestigious. Picture yourself doing this daily for years. Does it energize or exhaust you? Your gut reaction matters more than what you think you should want.,,
ResultQuestion,PD248,Do you want to work in Private Equity Analysis?,Consider whether this work genuinely appeals to you or just sounds prestigious. Picture yourself doing this daily for years. Does it energize or exhaust you? Your gut reaction matters more than what you think you should want.,,
ResultQuestion,PD249,Do you want to work in Quantitative Analysis & Trading?,Consider whether this work genuinely appeals to you or just sounds prestigious. Picture yourself doing this daily for years. Does it energize or exhaust you? Your gut reaction matters more than what you think you should want.,,
ResultQuestion,PD250,Do you want to work in Risk Management & Analysis?,Consider whether this work genuinely appeals to you or just sounds prestigious. Picture yourself doing this daily for years. Does it energize or exhaust you? Your gut reaction matters more than what you think you should want.,,
ResultQuestion,PD251,Do you want to work in Securities Trading & Market Making?,Consider whether this work genuinely appeals to you or just sounds prestigious. Picture yourself doing this daily for years. Does it energize or exhaust you? Your gut reaction matters more than what you think you should want.,,
ResultQuestion,PD252,Do you want to work in Financial Planning & Wealth Advisory?,Consider whether this work genuinely appeals to you or just sounds prestigious. Picture yourself doing this daily for years. Does it energize or exhaust you? Your gut reaction matters more than what you think you should want.,,
ResultQuestion,PD253,Do you want to work in Tax Preparation & Planning?,Consider whether this work genuinely appeals to you or just sounds prestigious. Picture yourself doing this daily for years. Does it energize or exhaust you? Your gut reaction matters more than what you think you should want.,,
ResultQuestion,PD254,Do you want to work in Real Estate Investment & Development?,Consider whether this work genuinely appeals to you or just sounds prestigious. Picture yourself doing this daily for years. Does it energize or exhaust you? Your gut reaction matters more than what you think you should want.,,
ResultQuestion,PD255,Do you want to work in Commercial Banking & Lending?,Consider whether this work genuinely appeals to you or just sounds prestigious. Picture yourself doing this daily for years. Does it energize or exhaust you? Your gut reaction matters more than what you think you should want.,,
ResultQuestion,PD256,Do you want to work in Insurance Underwriting & Risk Assessment?,Consider whether this work genuinely appeals to you or just sounds prestigious. Picture yourself doing this daily for years. Does it energize or exhaust you? Your gut reaction matters more than what you think you should want.,,
ResultQuestion,PD257,Do you want to work in Actuarial Science & Risk Analysis?,Consider whether this work genuinely appeals to you or just sounds prestigious. Picture yourself doing this daily for years. Does it energize or exhaust you? Your gut reaction matters more than what you think you should want.,,
ResultQuestion,PD258,Do you want to work in Credit Analysis & Lending?,Consider whether this work genuinely appeals to you or just sounds prestigious. Picture yourself doing this daily for years. Does it energize or exhaust you? Your gut reaction matters more than what you think you should want.,,
ResultQuestion,PD259,Do you want to work in Regulatory Compliance & Risk?,Consider whether this work genuinely appeals to you or just sounds prestigious. Picture yourself doing this daily for years. Does it energize or exhaust you? Your gut reaction matters more than what you think you should want.,,
ResultQuestion,PD260,Do you want to work in Business Analytics & Intelligence?,Consider whether this work genuinely appeals to you or just sounds prestigious. Picture yourself doing this daily for years. Does it energize or exhaust you? Your gut reaction matters more than what you think you should want.,,
ResultQuestion,PD261,Do you want to work in Market Research & Consumer Insights?,Consider whether this work genuinely appeals to you or just sounds prestigious. Picture yourself doing this daily for years. Does it energize or exhaust you? Your gut reaction matters more than what you think you should want.,,
ResultQuestion,PD262,Do you want to work in Advertising & Brand Management?,Consider whether this work genuinely appeals to you or just sounds prestigious. Picture yourself doing this daily for years. Does it energize or exhaust you? Your gut reaction matters more than what you think you should want.,,
ResultQuestion,PD263,Do you want to work in Public Relations & Communications?,Consider whether this work genuinely appeals to you or just sounds prestigious. Picture yourself doing this daily for years. Does it energize or exhaust you? Your gut reaction matters more than what you think you should want.,,
ResultQuestion,PD264,Do you want to work in Event Planning & Management?,Consider whether this work genuinely appeals to you or just sounds prestigious. Picture yourself doing this daily for years. Does it energize or exhaust you? Your gut reaction matters more than what you think you should want.,,
ResultQuestion,PD265,Do you want to work in Hospitality & Hotel Management?,Consider whether this work genuinely appeals to you or just sounds prestigious. Picture yourself doing this daily for years. Does it energize or exhaust you? Your gut reaction matters more than what you think you should want.,,
ResultQuestion,PD266,Do you want to work in Restaurant & Food Service Management?,Consider whether this work genuinely appeals to you or just sounds prestigious. Picture yourself doing this daily for years. Does it energize or exhaust you? Your gut reaction matters more than what you think you should want.,,
ResultQuestion,PD267,Do you want to work in Tourism & Travel Services?,Consider whether this work genuinely appeals to you or just sounds prestigious. Picture yourself doing this daily for years. Does it energize or exhaust you? Your gut reaction matters more than what you think you should want.,,
ResultQuestion,PD268,Do you want to work in Real Estate Sales & Brokerage?,Consider whether this work genuinely appeals to you or just sounds prestigious. Picture yourself doing this daily for years. Does it energize or exhaust you? Your gut reaction matters more than what you think you should want.,,
ResultQuestion,PD269,Do you want to work in Retail Management & Operations?,Consider whether this work genuinely appeals to you or just sounds prestigious. Picture yourself doing this daily for years. Does it energize or exhaust you? Your gut reaction matters more than what you think you should want.,,
ResultQuestion,PD270,Do you want to work in E-commerce & Digital Retail?,Consider whether this work genuinely appeals to you or just sounds prestigious. Picture yourself doing this daily for years. Does it energize or exhaust you? Your gut reaction matters more than what you think you should want.,,
ResultQuestion,PD271,Do you want to work in Customer Success & Relations?,Consider whether this work genuinely appeals to you or just sounds prestigious. Picture yourself doing this daily for years. Does it energize or exhaust you? Your gut reaction matters more than what you think you should want.,,
ResultQuestion,PD272,Do you want to work in Technical Sales & Solutions?,Consider whether this work genuinely appeals to you or just sounds prestigious. Picture yourself doing this daily for years. Does it energize or exhaust you? Your gut reaction matters more than what you think you should want.,,
ResultQuestion,PD273,Do you want to work in Social Services & Community Leadership?,Consider whether this work genuinely appeals to you or just sounds prestigious. Picture yourself doing this daily for years. Does it energize or exhaust you? Your gut reaction matters more than what you think you should want.,,
ResultQuestion,PD274,Do you want to work in Nonprofit Management & Leadership?,Consider whether this work genuinely appeals to you or just sounds prestigious. Picture yourself doing this daily for years. Does it energize or exhaust you? Your gut reaction matters more than what you think you should want.,,
ResultQuestion,PD275,Do you want to work in Fundraising & Development?,Consider whether this work genuinely appeals to you or just sounds prestigious. Picture yourself doing this daily for years. Does it energize or exhaust you? Your gut reaction matters more than what you think you should want.,,
ResultQuestion,PD276,Do you want to work in Grant Writing & Management?,Consider whether this work genuinely appeals to you or just sounds prestigious. Picture yourself doing this daily for years. Does it energize or exhaust you? Your gut reaction matters more than what you think you should want.,,
ResultQuestion,PD277,Do you want to work in Community Organizing & Advocacy?,Consider whether this work genuinely appeals to you or just sounds prestigious. Picture yourself doing this daily for years. Does it energize or exhaust you? Your gut reaction matters more than what you think you should want.,,
ResultQuestion,PD278,Do you want to work in Policy Analysis & Development?,Consider whether this work genuinely appeals to you or just sounds prestigious. Picture yourself doing this daily for years. Does it energize or exhaust you? Your gut reaction matters more than what you think you should want.,,
ResultQuestion,PD279,Do you want to work in Urban Planning & Development?,Consider whether this work genuinely appeals to you or just sounds prestigious. Picture yourself doing this daily for years. Does it energize or exhaust you? Your gut reaction matters more than what you think you should want.,,
ResultQuestion,PD280,Do you want to work in Environmental Planning & Sustainability?,Consider whether this work genuinely appeals to you or just sounds prestigious. Picture yourself doing this daily for years. Does it energize or exhaust you? Your gut reaction matters more than what you think you should want.,,
ResultQuestion,PD281,Do you want to work in Transportation Planning & Engineering?,Consider whether this work genuinely appeals to you or just sounds prestigious. Picture yourself doing this daily for years. Does it energize or exhaust you? Your gut reaction matters more than what you think you should want.,,
ResultQuestion,PD282,Do you want to work in Economic Development & Strategy?,Consider whether this work genuinely appeals to you or just sounds prestigious. Picture yourself doing this daily for years. Does it energize or exhaust you? Your gut reaction matters more than what you think you should want.,,
ResultQuestion,PD283,Do you want to work in International Development & Aid?,Consider whether this work genuinely appeals to you or just sounds prestigious. Picture yourself doing this daily for years. Does it energize or exhaust you? Your gut reaction matters more than what you think you should want.,,
ResultQuestion,PD284,Do you want to work in Public Administration & Government?,Consider whether this work genuinely appeals to you or just sounds prestigious. Picture yourself doing this daily for years. Does it energize or exhaust you? Your gut reaction matters more than what you think you should want.,,
ResultQuestion,PD285,Do you want to work in Diplomacy & Foreign Service?,Consider whether this work genuinely appeals to you or just sounds prestigious. Picture yourself doing this daily for years. Does it energize or exhaust you? Your gut reaction matters more than what you think you should want.,,
ResultQuestion,PD286,Do you want to work in Immigration Services & Advocacy?,Consider whether this work genuinely appeals to you or just sounds prestigious. Picture yourself doing this daily for years. Does it energize or exhaust you? Your gut reaction matters more than what you think you should want.,,
ResultQuestion,PD287,Do you want to work in Mediation & Conflict Resolution?,Consider whether this work genuinely appeals to you or just sounds prestigious. Picture yourself doing this daily for years. Does it energize or exhaust you? Your gut reaction matters more than what you think you should want.,,
ResultQuestion,PD288,Do you want to work in Arbitration & Dispute Resolution?,Consider whether this work genuinely appeals to you or just sounds prestigious. Picture yourself doing this daily for years. Does it energize or exhaust you? Your gut reaction matters more than what you think you should want.,,
ResultQuestion,PD289,Do you want to work in Religious Leadership & Ministry?,Consider whether this work genuinely appeals to you or just sounds prestigious. Picture yourself doing this daily for years. Does it energize or exhaust you? Your gut reaction matters more than what you think you should want.,,
ResultQuestion,PD290,Do you want to work in Spiritual Counseling & Chaplaincy?,Consider whether this work genuinely appeals to you or just sounds prestigious. Picture yourself doing this daily for years. Does it energize or exhaust you? Your gut reaction matters more than what you think you should want.,,
ResultQuestion,PD291,Do you want to work in Youth Ministry & Development?,Consider whether this work genuinely appeals to you or just sounds prestigious. Picture yourself doing this daily for years. Does it energize or exhaust you? Your gut reaction matters more than what you think you should want.,,
ResultQuestion,PD292,Do you want to work in Sociology & Social Research?,Consider whether this work genuinely appeals to you or just sounds prestigious. Picture yourself doing this daily for years. Does it energize or exhaust you? Your gut reaction matters more than what you think you should want.,,
ResultQuestion,PD293,Do you want to work in Political Science & Government Research?,Consider whether this work genuinely appeals to you or just sounds prestigious. Picture yourself doing this daily for years. Does it energize or exhaust you? Your gut reaction matters more than what you think you should want.,,
ResultQuestion,PD294,Do you want to work in Economics Research & Policy?,Consider whether this work genuinely appeals to you or just sounds prestigious. Picture yourself doing this daily for years. Does it energize or exhaust you? Your gut reaction matters more than what you think you should want.,,
ResultQuestion,PD295,Do you want to work in Anthropology & Cultural Research?,Consider whether this work genuinely appeals to you or just sounds prestigious. Picture yourself doing this daily for years. Does it energize or exhaust you? Your gut reaction matters more than what you think you should want.,,
ResultQuestion,PD296,Do you want to work in Geography & Spatial Research?,Consider whether this work genuinely appeals to you or just sounds prestigious. Picture yourself doing this daily for years. Does it energize or exhaust you? Your gut reaction matters more than what you think you should want.,,
ResultQuestion,PD297,Do you want to work in Linguistics & Language Research?,Consider whether this work genuinely appeals to you or just sounds prestigious. Picture yourself doing this daily for years. Does it energize or exhaust you? Your gut reaction matters more than what you think you should want.,,
ResultQuestion,PD298,Do you want to work in Public Health & Epidemiology?,Consider whether this work genuinely appeals to you or just sounds prestigious. Picture yourself doing this daily for years. Does it energize or exhaust you? Your gut reaction matters more than what you think you should want.,,
ResultQuestion,PD299,Do you want to work in Health Education & Promotion?,Consider whether this work genuinely appeals to you or just sounds prestigious. Picture yourself doing this daily for years. Does it energize or exhaust you? Your gut reaction matters more than what you think you should want.,,
ResultQuestion,PD300,Do you want to work in Community Health & Advocacy?,Consider whether this work genuinely appeals to you or just sounds prestigious. Picture yourself doing this daily for years. Does it energize or exhaust you? Your gut reaction matters more than what you think you should want.,,
ResultQuestion,PD301,Do you want to work in Genetic Counseling & Clinical Genetics?,Consider whether this work genuinely appeals to you or just sounds prestigious. Picture yourself doing this daily for years. Does it energize or exhaust you? Your gut reaction matters more than what you think you should want.,,
ResultQuestion,PD302,Do you want to work in Clinical Research & Trials Management?,Consider whether this work genuinely appeals to you or just sounds prestigious. Picture yourself doing this daily for years. Does it energize or exhaust you? Your gut reaction matters more than what you think you should want.,,
ResultQuestion,PD303,Do you want to work in Biostatistics & Clinical Data?,Consider whether this work genuinely appeals to you or just sounds prestigious. Picture yourself doing this daily for years. Does it energize or exhaust you? Your gut reaction matters more than what you think you should want.,,
ResultQuestion,PD304,Do you want to work in Healthcare Administration & Operations?,Consider whether this work genuinely appeals to you or just sounds prestigious. Picture yourself doing this daily for years. Does it energize or exhaust you? Your gut reaction matters more than what you think you should want.,,
ResultQuestion,PD305,Do you want to work in Medical Coding & Health Information?,Consider whether this work genuinely appeals to you or just sounds prestigious. Picture yourself doing this daily for years. Does it energize or exhaust you? Your gut reaction matters more than what you think you should want.,,
ResultQuestion,PD306,Do you want to work in Emergency Medical Services?,Consider whether this work genuinely appeals to you or just sounds prestigious. Picture yourself doing this daily for years. Does it energize or exhaust you? Your gut reaction matters more than what you think you should want.,,
ResultQuestion,PD307,Do you want to work in Diagnostic Imaging Technology?,Consider whether this work genuinely appeals to you or just sounds prestigious. Picture yourself doing this daily for years. Does it energize or exhaust you? Your gut reaction matters more than what you think you should want.,,
ResultQuestion,PD308,Do you want to work in Dental Technology & Prosthetics?,Consider whether this work genuinely appeals to you or just sounds prestigious. Picture yourself doing this daily for years. Does it energize or exhaust you? Your gut reaction matters more than what you think you should want.,,
ResultQuestion,PD309,Do you want to work in Medical Device & Equipment Technology?,Consider whether this work genuinely appeals to you or just sounds prestigious. Picture yourself doing this daily for years. Does it energize or exhaust you? Your gut reaction matters more than what you think you should want.,,
ResultQuestion,PD310,Do you want to work in Veterinary Technology & Support?,Consider whether this work genuinely appeals to you or just sounds prestigious. Picture yourself doing this daily for years. Does it energize or exhaust you? Your gut reaction matters more than what you think you should want.,,
ResultQuestion,PD311,Do you want to work in Animal Training & Behavior?,Consider whether this work genuinely appeals to you or just sounds prestigious. Picture yourself doing this daily for years. Does it energize or exhaust you? Your gut reaction matters more than what you think you should want.,,
ResultQuestion,PD312,Do you want to work in Wildlife Conservation & Management?,Consider whether this work genuinely appeals to you or just sounds prestigious. Picture yourself doing this daily for years. Does it energize or exhaust you? Your gut reaction matters more than what you think you should want.,,
ResultQuestion,PD313,Do you want to work in Environmental Conservation & Protection?,Consider whether this work genuinely appeals to you or just sounds prestigious. Picture yourself doing this daily for years. Does it energize or exhaust you? Your gut reaction matters more than what you think you should want.,,
ResultQuestion,PD314,Do you want to work in Forestry & Natural Resources Management?,Consider whether this work genuinely appeals to you or just sounds prestigious. Picture yourself doing this daily for years. Does it energize or exhaust you? Your gut reaction matters more than what you think you should want.,,
ResultQuestion,PD315,Do you want to work in Parks & Recreation Management?,Consider whether this work genuinely appeals to you or just sounds prestigious. Picture yourself doing this daily for years. Does it energize or exhaust you? Your gut reaction matters more than what you think you should want.,,
ResultQuestion,PD316,Do you want to work in Agricultural Extension & Education?,Consider whether this work genuinely appeals to you or just sounds prestigious. Picture yourself doing this daily for years. Does it energize or exhaust you? Your gut reaction matters more than what you think you should want.,,
ResultQuestion,PD317,Do you want to work in Landscape & Grounds Management?,Consider whether this work genuinely appeals to you or just sounds prestigious. Picture yourself doing this daily for years. Does it energize or exhaust you? Your gut reaction matters more than what you think you should want.,,
ResultQuestion,PD318,Do you want to work in Arboriculture & Tree Care?,Consider whether this work genuinely appeals to you or just sounds prestigious. Picture yourself doing this daily for years. Does it energize or exhaust you? Your gut reaction matters more than what you think you should want.,,
ResultQuestion,PD319,Do you want to work in Horticulture & Plant Science?,Consider whether this work genuinely appeals to you or just sounds prestigious. Picture yourself doing this daily for years. Does it energize or exhaust you? Your gut reaction matters more than what you think you should want.,,
ResultQuestion,PD320,Do you want to work in Agricultural Production & Management?,Consider whether this work genuinely appeals to you or just sounds prestigious. Picture yourself doing this daily for years. Does it energize or exhaust you? Your gut reaction matters more than what you think you should want.,,
ResultQuestion,PD321,Do you want to work in Aquaculture & Fisheries Management?,Consider whether this work genuinely appeals to you or just sounds prestigious. Picture yourself doing this daily for years. Does it energize or exhaust you? Your gut reaction matters more than what you think you should want.,,
ResultQuestion,PD322,Do you want to work in Renewable Energy Systems & Installation?,Consider whether this work genuinely appeals to you or just sounds prestigious. Picture yourself doing this daily for years. Does it energize or exhaust you? Your gut reaction matters more than what you think you should want.,,
ResultQuestion,PD323,Do you want to work in Energy Efficiency & Building Performance?,Consider whether this work genuinely appeals to you or just sounds prestigious. Picture yourself doing this daily for years. Does it energize or exhaust you? Your gut reaction matters more than what you think you should want.,,
ResultQuestion,PD324,Do you want to work in Water & Wastewater Treatment?,Consider whether this work genuinely appeals to you or just sounds prestigious. Picture yourself doing this daily for years. Does it energize or exhaust you? Your gut reaction matters more than what you think you should want.,,
ResultQuestion,PD325,Do you want to work in Air Quality & Environmental Monitoring?,Consider whether this work genuinely appeals to you or just sounds prestigious. Picture yourself doing this daily for years. Does it energize or exhaust you? Your gut reaction matters more than what you think you should want.,,
ResultQuestion,PD326,Do you want to work in Hazardous Materials & Waste Management?,Consider whether this work genuinely appeals to you or just sounds prestigious. Picture yourself doing this daily for years. Does it energize or exhaust you? Your gut reaction matters more than what you think you should want.,,
ResultQuestion,PD327,Do you want to work in Occupational Health & Safety?,Consider whether this work genuinely appeals to you or just sounds prestigious. Picture yourself doing this daily for years. Does it energize or exhaust you? Your gut reaction matters more than what you think you should want.,,
ResultQuestion,PD328,Do you want to work in Industrial Hygiene & Exposure Assessment?,Consider whether this work genuinely appeals to you or just sounds prestigious. Picture yourself doing this daily for years. Does it energize or exhaust you? Your gut reaction matters more than what you think you should want.,,
ResultQuestion,PD329,Do you want to work in Emergency Response & Hazmat?,Consider whether this work genuinely appeals to you or just sounds prestigious. Picture yourself doing this daily for years. Does it energize or exhaust you? Your gut reaction matters more than what you think you should want.,,
ResultQuestion,PD330,Do you want to work in Construction Project Leadership?,Consider whether this work genuinely appeals to you or just sounds prestigious. Picture yourself doing this daily for years. Does it energize or exhaust you? Your gut reaction matters more than what you think you should want.,,
ResultQuestion,PD331,Do you want to work in Architecture & Structural Design?,Consider whether this work genuinely appeals to you or just sounds prestigious. Picture yourself doing this daily for years. Does it energize or exhaust you? Your gut reaction matters more than what you think you should want.,,
ResultQuestion,PD332,Do you want to work in Civil Engineering & Construction?,Consider whether this work genuinely appeals to you or just sounds prestigious. Picture yourself doing this daily for years. Does it energize or exhaust you? Your gut reaction matters more than what you think you should want.,,
ResultQuestion,PD333,Do you want to work in Electrical Systems & Installation?,Consider whether this work genuinely appeals to you or just sounds prestigious. Picture yourself doing this daily for years. Does it energize or exhaust you? Your gut reaction matters more than what you think you should want.,,
ResultQuestion,PD334,Do you want to work in Plumbing & Pipe Systems?,Consider whether this work genuinely appeals to you or just sounds prestigious. Picture yourself doing this daily for years. Does it energize or exhaust you? Your gut reaction matters more than what you think you should want.,,
ResultQuestion,PD335,Do you want to work in HVAC Systems & Climate Control?,Consider whether this work genuinely appeals to you or just sounds prestigious. Picture yourself doing this daily for years. Does it energize or exhaust you? Your gut reaction matters more than what you think you should want.,,
ResultQuestion,PD336,Do you want to work in Carpentry & Woodworking?,Consider whether this work genuinely appeals to you or just sounds prestigious. Picture yourself doing this daily for years. Does it energize or exhaust you? Your gut reaction matters more than what you think you should want.,,
ResultQuestion,PD337,Do you want to work in Masonry & Concrete Construction?,Consider whether this work genuinely appeals to you or just sounds prestigious. Picture yourself doing this daily for years. Does it energize or exhaust you? Your gut reaction matters more than what you think you should want.,,
ResultQuestion,PD338,Do you want to work in Welding & Metal Fabrication?,Consider whether this work genuinely appeals to you or just sounds prestigious. Picture yourself doing this daily for years. Does it energize or exhaust you? Your gut reaction matters more than what you think you should want.,,
ResultQuestion,PD339,Do you want to work in Heavy Equipment Operation?,Consider whether this work genuinely appeals to you or just sounds prestigious. Picture yourself doing this daily for years. Does it energize or exhaust you? Your gut reaction matters more than what you think you should want.,,
ResultQuestion,PD340,Do you want to work in Automotive Repair & Diagnostics?,Consider whether this work genuinely appeals to you or just sounds prestigious. Picture yourself doing this daily for years. Does it energize or exhaust you? Your gut reaction matters more than what you think you should want.,,
ResultQuestion,PD341,Do you want to work in Diesel & Heavy Vehicle Systems?,Consider whether this work genuinely appeals to you or just sounds prestigious. Picture yourself doing this daily for years. Does it energize or exhaust you? Your gut reaction matters more than what you think you should want.,,
ResultQuestion,PD342,Do you want to work in Aviation Maintenance & Repair?,Consider whether this work genuinely appeals to you or just sounds prestigious. Picture yourself doing this daily for years. Does it energize or exhaust you? Your gut reaction matters more than what you think you should want.,,
ResultQuestion,PD343,Do you want to work in Marine Vessel Maintenance?,Consider whether this work genuinely appeals to you or just sounds prestigious. Picture yourself doing this daily for years. Does it energize or exhaust you? Your gut reaction matters more than what you think you should want.,,
ResultQuestion,PD344,Do you want to work in Small Engine & Equipment Repair?,Consider whether this work genuinely appeals to you or just sounds prestigious. Picture yourself doing this daily for years. Does it energize or exhaust you? Your gut reaction matters more than what you think you should want.,,
ResultQuestion,PD345,Do you want to work in Industrial Machinery Maintenance?,Consider whether this work genuinely appeals to you or just sounds prestigious. Picture yourself doing this daily for years. Does it energize or exhaust you? Your gut reaction matters more than what you think you should want.,,
ResultQuestion,PD346,Do you want to work in Electronics Repair & Service?,Consider whether this work genuinely appeals to you or just sounds prestigious. Picture yourself doing this daily for years. Does it energize or exhaust you? Your gut reaction matters more than what you think you should want.,,
ResultQuestion,PD347,Do you want to work in Computer Repair & Technical Support?,Consider whether this work genuinely appeals to you or just sounds prestigious. Picture yourself doing this daily for years. Does it energize or exhaust you? Your gut reaction matters more than what you think you should want.,,
ResultQuestion,PD348,Do you want to work in Precision Machining & Manufacturing?,Consider whether this work genuinely appeals to you or just sounds prestigious. Picture yourself doing this daily for years. Does it energize or exhaust you? Your gut reaction matters more than what you think you should want.,,
ResultQuestion,PD349,Do you want to work in Tool & Die Making?,Consider whether this work genuinely appeals to you or just sounds prestigious. Picture yourself doing this daily for years. Does it energize or exhaust you? Your gut reaction matters more than what you think you should want.,,
ResultQuestion,PD350,Do you want to work in Quality Control & Inspection?,Consider whether this work genuinely appeals to you or just sounds prestigious. Picture yourself doing this daily for years. Does it energize or exhaust you? Your gut reaction matters more than what you think you should want.,,
ResultQuestion,PD351,Do you want to work in Manufacturing Engineering & Process?,Consider whether this work genuinely appeals to you or just sounds prestigious. Picture yourself doing this daily for years. Does it energize or exhaust you? Your gut reaction matters more than what you think you should want.,,
ResultQuestion,PD352,Do you want to work in Production Supervision & Management?,Consider whether this work genuinely appeals to you or just sounds prestigious. Picture yourself doing this daily for years. Does it energize or exhaust you? Your gut reaction matters more than what you think you should want.,,
ResultQuestion,PD353,Do you want to work in Logistics & Distribution Management?,Consider whether this work genuinely appeals to you or just sounds prestigious. Picture yourself doing this daily for years. Does it energize or exhaust you? Your gut reaction matters more than what you think you should want.,,
ResultQuestion,PD354,Do you want to work in Warehouse Operations & Management?,Consider whether this work genuinely appeals to you or just sounds prestigious. Picture yourself doing this daily for years. Does it energize or exhaust you? Your gut reaction matters more than what you think you should want.,,
ResultQuestion,PD355,Do you want to work in Transportation & Fleet Management?,Consider whether this work genuinely appeals to you or just sounds prestigious. Picture yourself doing this daily for years. Does it energize or exhaust you? Your gut reaction matters more than what you think you should want.,,
ResultQuestion,PD356,Do you want to work in Commercial Driving & Transportation?,Consider whether this work genuinely appeals to you or just sounds prestigious. Picture yourself doing this daily for years. Does it energize or exhaust you? Your gut reaction matters more than what you think you should want.,,
ResultQuestion,PD357,Do you want to work in Railroad Operations & Management?,Consider whether this work genuinely appeals to you or just sounds prestigious. Picture yourself doing this daily for years. Does it energize or exhaust you? Your gut reaction matters more than what you think you should want.,,
ResultQuestion,PD358,Do you want to work in Aviation Operations & Management?,Consider whether this work genuinely appeals to you or just sounds prestigious. Picture yourself doing this daily for years. Does it energize or exhaust you? Your gut reaction matters more than what you think you should want.,,
ResultQuestion,PD359,Do you want to work in Maritime Operations & Navigation?,Consider whether this work genuinely appeals to you or just sounds prestigious. Picture yourself doing this daily for years. Does it energize or exhaust you? Your gut reaction matters more than what you think you should want.,,
ResultQuestion,PD360,Do you want to work in Culinary Arts & Professional Cooking?,Consider whether this work genuinely appeals to you or just sounds prestigious. Picture yourself doing this daily for years. Does it energize or exhaust you? Your gut reaction matters more than what you think you should want.,,
ResultQuestion,PD361,Do you want to work in Baking & Pastry Arts?,Consider whether this work genuinely appeals to you or just sounds prestigious. Picture yourself doing this daily for years. Does it energize or exhaust you? Your gut reaction matters more than what you think you should want.,,
ResultQuestion,PD362,Do you want to work in Sommelier & Wine Expertise?,Consider whether this work genuinely appeals to you or just sounds prestigious. Picture yourself doing this daily for years. Does it energize or exhaust you? Your gut reaction matters more than what you think you should want.,,
ResultQuestion,PD363,Do you want to work in Culinary Management & Leadership?,Consider whether this work genuinely appeals to you or just sounds prestigious. Picture yourself doing this daily for years. Does it energize or exhaust you? Your gut reaction matters more than what you think you should want.,,
ResultQuestion,PD364,Do you want to work in Barbering & Men's Grooming?,Consider whether this work genuinely appeals to you or just sounds prestigious. Picture yourself doing this daily for years. Does it energize or exhaust you? Your gut reaction matters more than what you think you should want.,,
ResultQuestion,PD365,Do you want to work in Cosmetology & Beauty Services?,Consider whether this work genuinely appeals to you or just sounds prestigious. Picture yourself doing this daily for years. Does it energize or exhaust you? Your gut reaction matters more than what you think you should want.,,
ResultQuestion,PD366,Do you want to work in Esthetics & Skincare?,Consider whether this work genuinely appeals to you or just sounds prestigious. Picture yourself doing this daily for years. Does it energize or exhaust you? Your gut reaction matters more than what you think you should want.,,
ResultQuestion,PD367,Do you want to work in Nail Technology & Services?,Consider whether this work genuinely appeals to you or just sounds prestigious. Picture yourself doing this daily for years. Does it energize or exhaust you? Your gut reaction matters more than what you think you should want.,,
ResultQuestion,PD368,Do you want to work in Massage Therapy & Wellness?,Consider whether this work genuinely appeals to you or just sounds prestigious. Picture yourself doing this daily for years. Does it energize or exhaust you? Your gut reaction matters more than what you think you should want.,,
ResultQuestion,PD369,Do you want to work in Personal Training & Fitness?,Consider whether this work genuinely appeals to you or just sounds prestigious. Picture yourself doing this daily for years. Does it energize or exhaust you? Your gut reaction matters more than what you think you should want.,,
ResultQuestion,PD370,Do you want to work in Yoga & Mind-Body Instruction?,Consider whether this work genuinely appeals to you or just sounds prestigious. Picture yourself doing this daily for years. Does it energize or exhaust you? Your gut reaction matters more than what you think you should want.,,
ResultQuestion,PD371,Do you want to work in Athletic Training & Sports Performance?,Consider whether this work genuinely appeals to you or just sounds prestigious. Picture yourself doing this daily for years. Does it energize or exhaust you? Your gut reaction matters more than what you think you should want.,,
ResultQuestion,PD372,Do you want to work in Sports Officiating & Umpiring?,Consider whether this work genuinely appeals to you or just sounds prestigious. Picture yourself doing this daily for years. Does it energize or exhaust you? Your gut reaction matters more than what you think you should want.,,
ResultQuestion,PD373,Do you want to work in Recreation & Activity Leadership?,Consider whether this work genuinely appeals to you or just sounds prestigious. Picture yourself doing this daily for years. Does it energize or exhaust you? Your gut reaction matters more than what you think you should want.,,
ResultQuestion,PD374,Do you want to work in Childcare & Early Development?,Consider whether this work genuinely appeals to you or just sounds prestigious. Picture yourself doing this daily for years. Does it energize or exhaust you? Your gut reaction matters more than what you think you should want.,,
ResultQuestion,PD375,Do you want to work in Elder Care & Senior Services?,Consider whether this work genuinely appeals to you or just sounds prestigious. Picture yourself doing this daily for years. Does it energize or exhaust you? Your gut reaction matters more than what you think you should want.,,
ResultQuestion,PD376,Do you want to work in Home Health & Personal Care?,Consider whether this work genuinely appeals to you or just sounds prestigious. Picture yourself doing this daily for years. Does it energize or exhaust you? Your gut reaction matters more than what you think you should want.,,
ResultQuestion,PD377,Do you want to work in Disability Support & Services?,Consider whether this work genuinely appeals to you or just sounds prestigious. Picture yourself doing this daily for years. Does it energize or exhaust you? Your gut reaction matters more than what you think you should want.,,
ResultQuestion,PD378,Do you want to work in Mental Health Support & Peer Services?,Consider whether this work genuinely appeals to you or just sounds prestigious. Picture yourself doing this daily for years. Does it energize or exhaust you? Your gut reaction matters more than what you think you should want.,,
ResultQuestion,PD379,Do you want to work in Crisis Intervention & Hotline Services?,Consider whether this work genuinely appeals to you or just sounds prestigious. Picture yourself doing this daily for years. Does it energize or exhaust you? Your gut reaction matters more than what you think you should want.,,
ResultQuestion,PD380,Do you want to work in Victim Advocacy & Support?,Consider whether this work genuinely appeals to you or just sounds prestigious. Picture yourself doing this daily for years. Does it energize or exhaust you? Your gut reaction matters more than what you think you should want.,,
ResultQuestion,PD381,Do you want to work in Domestic Violence Services?,Consider whether this work genuinely appeals to you or just sounds prestigious. Picture yourself doing this daily for years. Does it energize or exhaust you? Your gut reaction matters more than what you think you should want.,,
ResultQuestion,PD382,Do you want to work in Homeless Services & Outreach?,Consider whether this work genuinely appeals to you or just sounds prestigious. Picture yourself doing this daily for years. Does it energize or exhaust you? Your gut reaction matters more than what you think you should want.,,
ResultQuestion,PD383,Do you want to work in Food Services & Nutrition Assistance?,Consider whether this work genuinely appeals to you or just sounds prestigious. Picture yourself doing this daily for years. Does it energize or exhaust you? Your gut reaction matters more than what you think you should want.,,
ResultQuestion,PD384,Do you want to work in Custodial & Facilities Maintenance?,Consider whether this work genuinely appeals to you or just sounds prestigious. Picture yourself doing this daily for years. Does it energize or exhaust you? Your gut reaction matters more than what you think you should want.,,
ResultQuestion,PD385,Do you want to work in Groundskeeping & Landscaping?,Consider whether this work genuinely appeals to you or just sounds prestigious. Picture yourself doing this daily for years. Does it energize or exhaust you? Your gut reaction matters more than what you think you should want.,,
ResultQuestion,PD386,Do you want to work in Building Maintenance & Repair?,Consider whether this work genuinely appeals to you or just sounds prestigious. Picture yourself doing this daily for years. Does it energize or exhaust you? Your gut reaction matters more than what you think you should want.,,
ResultQuestion,PD387,Do you want to work in Security Services & Protection?,Consider whether this work genuinely appeals to you or just sounds prestigious. Picture yourself doing this daily for years. Does it energize or exhaust you? Your gut reaction matters more than what you think you should want.,,
ResultQuestion,PD388,Do you want to work in Property Management & Leasing?,Consider whether this work genuinely appeals to you or just sounds prestigious. Picture yourself doing this daily for years. Does it energize or exhaust you? Your gut reaction matters more than what you think you should want.,,
ResultQuestion,PD389,Do you want to work in Customer Service & Support?,Consider whether this work genuinely appeals to you or just sounds prestigious. Picture yourself doing this daily for years. Does it energize or exhaust you? Your gut reaction matters more than what you think you should want.,,
ResultQuestion,PD390,Do you want to work in Call Center Operations?,Consider whether this work genuinely appeals to you or just sounds prestigious. Picture yourself doing this daily for years. Does it energize or exhaust you? Your gut reaction matters more than what you think you should want.,,
ResultQuestion,PD391,Do you want to work in Administrative Support & Office Management?,Consider whether this work genuinely appeals to you or just sounds prestigious. Picture yourself doing this daily for years. Does it energize or exhaust you? Your gut reaction matters more than what you think you should want.,,
ResultQuestion,PD392,Do you want to work in Executive Administration & Support?,Consider whether this work genuinely appeals to you or just sounds prestigious. Picture yourself doing this daily for years. Does it energize or exhaust you? Your gut reaction matters more than what you think you should want.,,
ResultQuestion,PD393,Do you want to work in Human Resources Coordination?,Consider whether this work genuinely appeals to you or just sounds prestigious. Picture yourself doing this daily for years. Does it energize or exhaust you? Your gut reaction matters more than what you think you should want.,,
ResultQuestion,PD394,Do you want to work in Benefits Administration?,Consider whether this work genuinely appeals to you or just sounds prestigious. Picture yourself doing this daily for years. Does it energize or exhaust you? Your gut reaction matters more than what you think you should want.,,
ResultQuestion,PD395,Do you want to work in Payroll Administration & Processing?,Consider whether this work genuinely appeals to you or just sounds prestigious. Picture yourself doing this daily for years. Does it energize or exhaust you? Your gut reaction matters more than what you think you should want.,,
ResultQuestion,PD396,Do you want to work in Records & Information Management?,Consider whether this work genuinely appeals to you or just sounds prestigious. Picture yourself doing this daily for years. Does it energize or exhaust you? Your gut reaction matters more than what you think you should want.,,
ResultQuestion,PD397,Do you want to work in Data Entry & Information Processing?,Consider whether this work genuinely appeals to you or just sounds prestigious. Picture yourself doing this daily for years. Does it energize or exhaust you? Your gut reaction matters more than what you think you should want.,,
ResultQuestion,PD398,Do you want to work in Inventory Management & Control?,Consider whether this work genuinely appeals to you or just sounds prestigious. Picture yourself doing this daily for years. Does it energize or exhaust you? Your gut reaction matters more than what you think you should want.,,
ResultQuestion,PD399,Do you want to work in Purchasing & Procurement Support?,Consider whether this work genuinely appeals to you or just sounds prestigious. Picture yourself doing this daily for years. Does it energize or exhaust you? Your gut reaction matters more than what you think you should want.,,
ResultQuestion,PD400,Do you want to work in Billing & Revenue Management?,Consider whether this work genuinely appeals to you or just sounds prestigious. Picture yourself doing this daily for years. Does it energize or exhaust you? Your gut reaction matters more than what you think you should want.,,
ResultQuestion,PD401,Do you want to work in Blockchain & Distributed Systems Development?,Consider whether this work genuinely appeals to you or just sounds prestigious. Picture yourself doing this daily for years. Does it energize or exhaust you? Your gut reaction matters more than what you think you should want.,,
ResultQuestion,PD402,Do you want to work in Cryptocurrency & Digital Asset Management?,Consider whether this work genuinely appeals to you or just sounds prestigious. Picture yourself doing this daily for years. Does it energize or exhaust you? Your gut reaction matters more than what you think you should want.,,
ResultQuestion,PD403,Do you want to work in Cloud Platform Architecture?,Consider whether this work genuinely appeals to you or just sounds prestigious. Picture yourself doing this daily for years. Does it energize or exhaust you? Your gut reaction matters more than what you think you should want.,,
ResultQuestion,PD404,Do you want to work in Microservices & Container Architecture?,Consider whether this work genuinely appeals to you or just sounds prestigious. Picture yourself doing this daily for years. Does it energize or exhaust you? Your gut reaction matters more than what you think you should want.,,
ResultQuestion,PD405,Do you want to work in Site Reliability Engineering?,Consider whether this work genuinely appeals to you or just sounds prestigious. Picture yourself doing this daily for years. Does it energize or exhaust you? Your gut reaction matters more than what you think you should want.,,
ResultQuestion,PD406,Do you want to work in Data Engineering & Pipeline Development?,Consider whether this work genuinely appeals to you or just sounds prestigious. Picture yourself doing this daily for years. Does it energize or exhaust you? Your gut reaction matters more than what you think you should want.,,
ResultQuestion,PD407,Do you want to work in Machine Learning Operations?,Consider whether this work genuinely appeals to you or just sounds prestigious. Picture yourself doing this daily for years. Does it energize or exhaust you? Your gut reaction matters more than what you think you should want.,,
ResultQuestion,PD408,Do you want to work in Natural Language Processing Engineering?,Consider whether this work genuinely appeals to you or just sounds prestigious. Picture yourself doing this daily for years. Does it energize or exhaust you? Your gut reaction matters more than what you think you should want.,,
ResultQuestion,PD409,Do you want to work in Computer Vision Engineering?,Consider whether this work genuinely appeals to you or just sounds prestigious. Picture yourself doing this daily for years. Does it energize or exhaust you? Your gut reaction matters more than what you think you should want.,,
ResultQuestion,PD410,Do you want to work in Internet of Things Engineering?,Consider whether this work genuinely appeals to you or just sounds prestigious. Picture yourself doing this daily for years. Does it energize or exhaust you? Your gut reaction matters more than what you think you should want.,,
ResultQuestion,PD411,Do you want to work in Edge Computing & Distributed Intelligence?,Consider whether this work genuinely appeals to you or just sounds prestigious. Picture yourself doing this daily for years. Does it energize or exhaust you? Your gut reaction matters more than what you think you should want.,,
ResultQuestion,PD412,Do you want to work in 5G & Telecommunications Engineering?,Consider whether this work genuinely appeals to you or just sounds prestigious. Picture yourself doing this daily for years. Does it energize or exhaust you? Your gut reaction matters more than what you think you should want.,,
ResultQuestion,PD413,Do you want to work in Quantum Software Development?,Consider whether this work genuinely appeals to you or just sounds prestigious. Picture yourself doing this daily for years. Does it energize or exhaust you? Your gut reaction matters more than what you think you should want.,,
ResultQuestion,PD414,Do you want to work in Bioinformatics & Computational Biology?,Consider whether this work genuinely appeals to you or just sounds prestigious. Picture yourself doing this daily for years. Does it energize or exhaust you? Your gut reaction matters more than what you think you should want.,,
ResultQuestion,PD415,Do you want to work in Computational Neuroscience?,Consider whether this work genuinely appeals to you or just sounds prestigious. Picture yourself doing this daily for years. Does it energize or exhaust you? Your gut reaction matters more than what you think you should want.,,
ResultQuestion,PD416,Do you want to work in Climate Science & Modeling?,Consider whether this work genuinely appeals to you or just sounds prestigious. Picture yourself doing this daily for years. Does it energize or exhaust you? Your gut reaction matters more than what you think you should want.,,
ResultQuestion,PD417,Do you want to work in Renewable Energy Engineering?,Consider whether this work genuinely appeals to you or just sounds prestigious. Picture yourself doing this daily for years. Does it energize or exhaust you? Your gut reaction matters more than what you think you should want.,,
ResultQuestion,PD418,Do you want to work in Battery Technology & Energy Storage?,Consider whether this work genuinely appeals to you or just sounds prestigious. Picture yourself doing this daily for years. Does it energize or exhaust you? Your gut reaction matters more than what you think you should want.,,
ResultQuestion,PD419,Do you want to work in Carbon Capture & Climate Technology?,Consider whether this work genuinely appeals to you or just sounds prestigious. Picture yourself doing this daily for years. Does it energize or exhaust you? Your gut reaction matters more than what you think you should want.,,
ResultQuestion,PD420,Do you want to work in Sustainable Architecture & Green Building?,Consider whether this work genuinely appeals to you or just sounds prestigious. Picture yourself doing this daily for years. Does it energize or exhaust you? Your gut reaction matters more than what you think you should want.,,
ResultQuestion,PD421,Do you want to work in Circular Economy Design?,Consider whether this work genuinely appeals to you or just sounds prestigious. Picture yourself doing this daily for years. Does it energize or exhaust you? Your gut reaction matters more than what you think you should want.,,
ResultQuestion,PD422,Do you want to work in Social Innovation & Impact?,Consider whether this work genuinely appeals to you or just sounds prestigious. Picture yourself doing this daily for years. Does it energize or exhaust you? Your gut reaction matters more than what you think you should want.,,
ResultQuestion,PD423,Do you want to work in Impact Investing & Analysis?,Consider whether this work genuinely appeals to you or just sounds prestigious. Picture yourself doing this daily for years. Does it energize or exhaust you? Your gut reaction matters more than what you think you should want.,,
ResultQuestion,PD424,Do you want to work in Microfinance & Financial Inclusion?,Consider whether this work genuinely appeals to you or just sounds prestigious. Picture yourself doing this daily for years. Does it energize or exhaust you? Your gut reaction matters more than what you think you should want.,,
ResultQuestion,PD425,Do you want to work in International Trade & Commerce?,Consider whether this work genuinely appeals to you or just sounds prestigious. Picture yourself doing this daily for years. Does it energize or exhaust you? Your gut reaction matters more than what you think you should want.,,
ResultQuestion,PD426,Do you want to work in Cross-Cultural Communication?,Consider whether this work genuinely appeals to you or just sounds prestigious. Picture yourself doing this daily for years. Does it energize or exhaust you? Your gut reaction matters more than what you think you should want.,,
ResultQuestion,PD427,Do you want to work in Global Supply Chain Strategy?,Consider whether this work genuinely appeals to you or just sounds prestigious. Picture yourself doing this daily for years. Does it energize or exhaust you? Your gut reaction matters more than what you think you should want.,,
ResultQuestion,PD428,Do you want to work in Sustainable Supply Chain Management?,Consider whether this work genuinely appeals to you or just sounds prestigious. Picture yourself doing this daily for years. Does it energize or exhaust you? Your gut reaction matters more than what you think you should want.,,
ResultQuestion,PD429,Do you want to work in Corporate Social Responsibility?,Consider whether this work genuinely appeals to you or just sounds prestigious. Picture yourself doing this daily for years. Does it energize or exhaust you? Your gut reaction matters more than what you think you should want.,,
ResultQuestion,PD430,Do you want to work in ESG Analysis & Reporting?,Consider whether this work genuinely appeals to you or just sounds prestigious. Picture yourself doing this daily for years. Does it energize or exhaust you? Your gut reaction matters more than what you think you should want.,,
ResultQuestion,PD431,Do you want to work in Sustainability Consulting?,Consider whether this work genuinely appeals to you or just sounds prestigious. Picture yourself doing this daily for years. Does it energize or exhaust you? Your gut reaction matters more than what you think you should want.,,
ResultQuestion,PD432,Do you want to work in Green Finance & Sustainable Investment?,Consider whether this work genuinely appeals to you or just sounds prestigious. Picture yourself doing this daily for years. Does it energize or exhaust you? Your gut reaction matters more than what you think you should want.,,
ResultQuestion,PD433,Do you want to work in Conservation Finance?,Consider whether this work genuinely appeals to you or just sounds prestigious. Picture yourself doing this daily for years. Does it energize or exhaust you? Your gut reaction matters more than what you think you should want.,,
ResultQuestion,PD434,Do you want to work in Ecological Restoration?,Consider whether this work genuinely appeals to you or just sounds prestigious. Picture yourself doing this daily for years. Does it energize or exhaust you? Your gut reaction matters more than what you think you should want.,,
ResultQuestion,PD435,Do you want to work in Marine Conservation & Ocean Science?,Consider whether this work genuinely appeals to you or just sounds prestigious. Picture yourself doing this daily for years. Does it energize or exhaust you? Your gut reaction matters more than what you think you should want.,,
ResultQuestion,PD436,Do you want to work in Wildlife Biology & Management?,Consider whether this work genuinely appeals to you or just sounds prestigious. Picture yourself doing this daily for years. Does it energize or exhaust you? Your gut reaction matters more than what you think you should want.,,
ResultQuestion,PD437,Do you want to work in Fisheries Management & Aquatic Science?,Consider whether this work genuinely appeals to you or just sounds prestigious. Picture yourself doing this daily for years. Does it energize or exhaust you? Your gut reaction matters more than what you think you should want.,,
ResultQuestion,PD438,Do you want to work in Soil Science & Conservation?,Consider whether this work genuinely appeals to you or just sounds prestigious. Picture yourself doing this daily for years. Does it energize or exhaust you? Your gut reaction matters more than what you think you should want.,,
ResultQuestion,PD439,Do you want to work in Hydrology & Water Resources?,Consider whether this work genuinely appeals to you or just sounds prestigious. Picture yourself doing this daily for years. Does it energize or exhaust you? Your gut reaction matters more than what you think you should want.,,
ResultQuestion,PD440,Do you want to work in Climate Adaptation & Resilience?,Consider whether this work genuinely appeals to you or just sounds prestigious. Picture yourself doing this daily for years. Does it energize or exhaust you? Your gut reaction matters more than what you think you should want.,,
ResultQuestion,PD441,Do you want to work in Disaster Risk Reduction?,Consider whether this work genuinely appeals to you or just sounds prestigious. Picture yourself doing this daily for years. Does it energize or exhaust you? Your gut reaction matters more than what you think you should want.,,
ResultQuestion,PD442,Do you want to work in Humanitarian Aid & Relief?,Consider whether this work genuinely appeals to you or just sounds prestigious. Picture yourself doing this daily for years. Does it energize or exhaust you? Your gut reaction matters more than what you think you should want.,,
ResultQuestion,PD443,Do you want to work in Refugee Services & Resettlement?,Consider whether this work genuinely appeals to you or just sounds prestigious. Picture yourself doing this daily for years. Does it energize or exhaust you? Your gut reaction matters more than what you think you should want.,,
ResultQuestion,PD444,Do you want to work in Peace & Conflict Resolution?,Consider whether this work genuinely appeals to you or just sounds prestigious. Picture yourself doing this daily for years. Does it energize or exhaust you? Your gut reaction matters more than what you think you should want.,,
ResultQuestion,PD445,Do you want to work in Human Rights Advocacy & Investigation?,Consider whether this work genuinely appeals to you or just sounds prestigious. Picture yourself doing this daily for years. Does it energize or exhaust you? Your gut reaction matters more than what you think you should want.,,
ResultQuestion,PD446,Do you want to work in Democracy & Governance Programs?,Consider whether this work genuinely appeals to you or just sounds prestigious. Picture yourself doing this daily for years. Does it energize or exhaust you? Your gut reaction matters more than what you think you should want.,,
ResultQuestion,PD447,Do you want to work in Election Administration & Integrity?,Consider whether this work genuinely appeals to you or just sounds prestigious. Picture yourself doing this daily for years. Does it energize or exhaust you? Your gut reaction matters more than what you think you should want.,,
ResultQuestion,PD448,Do you want to work in Intelligence Analysis & Security?,Consider whether this work genuinely appeals to you or just sounds prestigious. Picture yourself doing this daily for years. Does it energize or exhaust you? Your gut reaction matters more than what you think you should want.,,
ResultQuestion,PD449,Do you want to work in Counterterrorism & Security Analysis?,Consider whether this work genuinely appeals to you or just sounds prestigious. Picture yourself doing this daily for years. Does it energize or exhaust you? Your gut reaction matters more than what you think you should want.,,
ResultQuestion,PD450,Do you want to work in Cybersecurity Operations & Defense?,Consider whether this work genuinely appeals to you or just sounds prestigious. Picture yourself doing this daily for years. Does it energize or exhaust you? Your gut reaction matters more than what you think you should want.,,
ResultQuestion,PD451,Do you want to work in Digital Forensics & Incident Response?,Consider whether this work genuinely appeals to you or just sounds prestigious. Picture yourself doing this daily for years. Does it energize or exhaust you? Your gut reaction matters more than what you think you should want.,,
ResultQuestion,PD452,Do you want to work in Threat Intelligence & Analysis?,Consider whether this work genuinely appeals to you or just sounds prestigious. Picture yourself doing this daily for years. Does it energize or exhaust you? Your gut reaction matters more than what you think you should want.,,
ResultQuestion,PD453,Do you want to work in Penetration Testing & Ethical Hacking?,Consider whether this work genuinely appeals to you or just sounds prestigious. Picture yourself doing this daily for years. Does it energize or exhaust you? Your gut reaction matters more than what you think you should want.,,
ResultQuestion,PD454,Do you want to work in Security Architecture & Engineering?,Consider whether this work genuinely appeals to you or just sounds prestigious. Picture yourself doing this daily for years. Does it energize or exhaust you? Your gut reaction matters more than what you think you should want.,,
ResultQuestion,PD455,Do you want to work in Privacy & Data Protection?,Consider whether this work genuinely appeals to you or just sounds prestigious. Picture yourself doing this daily for years. Does it energize or exhaust you? Your gut reaction matters more than what you think you should want.,,
ResultQuestion,PD456,Do you want to work in Fraud Detection & Prevention?,Consider whether this work genuinely appeals to you or just sounds prestigious. Picture yourself doing this daily for years. Does it energize or exhaust you? Your gut reaction matters more than what you think you should want.,,
ResultQuestion,PD457,Do you want to work in Anti-Money Laundering Compliance?,Consider whether this work genuinely appeals to you or just sounds prestigious. Picture yourself doing this daily for years. Does it energize or exhaust you? Your gut reaction matters more than what you think you should want.,,
ResultQuestion,PD458,Do you want to work in White Collar Crime Investigation?,Consider whether this work genuinely appeals to you or just sounds prestigious. Picture yourself doing this daily for years. Does it energize or exhaust you? Your gut reaction matters more than what you think you should want.,,
ResultQuestion,PD459,Do you want to work in Corporate Governance & Compliance?,Consider whether this work genuinely appeals to you or just sounds prestigious. Picture yourself doing this daily for years. Does it energize or exhaust you? Your gut reaction matters more than what you think you should want.,,
ResultQuestion,PD460,Do you want to work in Internal Audit & Risk Assessment?,Consider whether this work genuinely appeals to you or just sounds prestigious. Picture yourself doing this daily for years. Does it energize or exhaust you? Your gut reaction matters more than what you think you should want.,,
ResultQuestion,PD461,Do you want to work in Forensic Accounting & Investigation?,Consider whether this work genuinely appeals to you or just sounds prestigious. Picture yourself doing this daily for years. Does it energize or exhaust you? Your gut reaction matters more than what you think you should want.,,
ResultQuestion,PD462,Do you want to work in Mergers & Acquisitions Advisory?,Consider whether this work genuinely appeals to you or just sounds prestigious. Picture yourself doing this daily for years. Does it energize or exhaust you? Your gut reaction matters more than what you think you should want.,,
ResultQuestion,PD463,Do you want to work in Corporate Strategy & Development?,Consider whether this work genuinely appeals to you or just sounds prestigious. Picture yourself doing this daily for years. Does it energize or exhaust you? Your gut reaction matters more than what you think you should want.,,
ResultQuestion,PD464,Do you want to work in Business Development & Partnerships?,Consider whether this work genuinely appeals to you or just sounds prestigious. Picture yourself doing this daily for years. Does it energize or exhaust you? Your gut reaction matters more than what you think you should want.,,
ResultQuestion,PD465,Do you want to work in Venture Capital & Entrepreneurship?,Consider whether this work genuinely appeals to you or just sounds prestigious. Picture yourself doing this daily for years. Does it energize or exhaust you? Your gut reaction matters more than what you think you should want.,,
ResultQuestion,PD466,Do you want to work in Startup Founding & Leadership?,Consider whether this work genuinely appeals to you or just sounds prestigious. Picture yourself doing this daily for years. Does it energize or exhaust you? Your gut reaction matters more than what you think you should want.,,
ResultQuestion,PD467,Do you want to work in Product Innovation & Design Thinking?,Consider whether this work genuinely appeals to you or just sounds prestigious. Picture yourself doing this daily for years. Does it energize or exhaust you? Your gut reaction matters more than what you think you should want.,,
ResultQuestion,PD468,Do you want to work in Customer Experience Design?,Consider whether this work genuinely appeals to you or just sounds prestigious. Picture yourself doing this daily for years. Does it energize or exhaust you? Your gut reaction matters more than what you think you should want.,,
ResultQuestion,PD469,Do you want to work in Service Design & Operations?,Consider whether this work genuinely appeals to you or just sounds prestigious. Picture yourself doing this daily for years. Does it energize or exhaust you? Your gut reaction matters more than what you think you should want.,,
ResultQuestion,PD470,Do you want to work in Organizational Psychology & Development?,Consider whether this work genuinely appeals to you or just sounds prestigious. Picture yourself doing this daily for years. Does it energize or exhaust you? Your gut reaction matters more than what you think you should want.,,
ResultQuestion,PD471,Do you want to work in Talent Development & Learning?,Consider whether this work genuinely appeals to you or just sounds prestigious. Picture yourself doing this daily for years. Does it energize or exhaust you? Your gut reaction matters more than what you think you should want.,,
ResultQuestion,PD472,Do you want to work in Leadership Development & Coaching?,Consider whether this work genuinely appeals to you or just sounds prestigious. Picture yourself doing this daily for years. Does it energize or exhaust you? Your gut reaction matters more than what you think you should want.,,
ResultQuestion,PD473,Do you want to work in Change Management & Transformation?,Consider whether this work genuinely appeals to you or just sounds prestigious. Picture yourself doing this daily for years. Does it energize or exhaust you? Your gut reaction matters more than what you think you should want.,,
ResultQuestion,PD474,Do you want to work in Culture & Employee Engagement?,Consider whether this work genuinely appeals to you or just sounds prestigious. Picture yourself doing this daily for years. Does it energize or exhaust you? Your gut reaction matters more than what you think you should want.,,
ResultQuestion,PD475,Do you want to work in Diversity?,Consider whether this work genuinely appeals to you or just sounds prestigious. Picture yourself doing this daily for years. Does it energize or exhaust you? Your gut reaction matters more than what you think you should want.,,
ResultQuestion,PD476,Do you want to work in Labor & Employment Relations?,Consider whether this work genuinely appeals to you or just sounds prestigious. Picture yourself doing this daily for years. Does it energize or exhaust you? Your gut reaction matters more than what you think you should want.,,
ResultQuestion,PD477,Do you want to work in Workplace Mediation & Conflict?,Consider whether this work genuinely appeals to you or just sounds prestigious. Picture yourself doing this daily for years. Does it energize or exhaust you? Your gut reaction matters more than what you think you should want.,,
ResultQuestion,PD478,Do you want to work in Performance Management & Evaluation?,Consider whether this work genuinely appeals to you or just sounds prestigious. Picture yourself doing this daily for years. Does it energize or exhaust you? Your gut reaction matters more than what you think you should want.,,
ResultQuestion,PD479,Do you want to work in Compensation & Total Rewards?,Consider whether this work genuinely appeals to you or just sounds prestigious. Picture yourself doing this daily for years. Does it energize or exhaust you? Your gut reaction matters more than what you think you should want.,,
ResultQuestion,PD480,Do you want to work in Employee Benefits & Wellness?,Consider whether this work genuinely appeals to you or just sounds prestigious. Picture yourself doing this daily for years. Does it energize or exhaust you? Your gut reaction matters more than what you think you should want.,,
ResultQuestion,PD481,Do you want to work in Retirement Planning & Pension Management?,Consider whether this work genuinely appeals to you or just sounds prestigious. Picture yourself doing this daily for years. Does it energize or exhaust you? Your gut reaction matters more than what you think you should want.,,
ResultQuestion,PD482,Do you want to work in Wealth Management & Financial Advisory?,Consider whether this work genuinely appeals to you or just sounds prestigious. Picture yourself doing this daily for years. Does it energize or exhaust you? Your gut reaction matters more than what you think you should want.,,
ResultQuestion,PD483,Do you want to work in Estate Planning & Trust Management?,Consider whether this work genuinely appeals to you or just sounds prestigious. Picture yourself doing this daily for years. Does it energize or exhaust you? Your gut reaction matters more than what you think you should want.,,
ResultQuestion,PD484,Do you want to work in Financial Literacy & Education?,Consider whether this work genuinely appeals to you or just sounds prestigious. Picture yourself doing this daily for years. Does it energize or exhaust you? Your gut reaction matters more than what you think you should want.,,
ResultQuestion,PD485,Do you want to work in Credit Counseling & Debt Management?,Consider whether this work genuinely appeals to you or just sounds prestigious. Picture yourself doing this daily for years. Does it energize or exhaust you? Your gut reaction matters more than what you think you should want.,,
ResultQuestion,PD486,Do you want to work in Mortgage Lending & Underwriting?,Consider whether this work genuinely appeals to you or just sounds prestigious. Picture yourself doing this daily for years. Does it energize or exhaust you? Your gut reaction matters more than what you think you should want.,,
ResultQuestion,PD487,Do you want to work in Commercial Real Estate?,Consider whether this work genuinely appeals to you or just sounds prestigious. Picture yourself doing this daily for years. Does it energize or exhaust you? Your gut reaction matters more than what you think you should want.,,
ResultQuestion,PD488,Do you want to work in Property Development & Construction?,Consider whether this work genuinely appeals to you or just sounds prestigious. Picture yourself doing this daily for years. Does it energize or exhaust you? Your gut reaction matters more than what you think you should want.,,
ResultQuestion,PD489,Do you want to work in Facility & Property Management?,Consider whether this work genuinely appeals to you or just sounds prestigious. Picture yourself doing this daily for years. Does it energize or exhaust you? Your gut reaction matters more than what you think you should want.,,
ResultQuestion,PD490,Do you want to work in Appraisal & Property Valuation?,Consider whether this work genuinely appeals to you or just sounds prestigious. Picture yourself doing this daily for years. Does it energize or exhaust you? Your gut reaction matters more than what you think you should want.,,
ResultQuestion,PD491,Do you want to work in Land Use Planning & Zoning?,Consider whether this work genuinely appeals to you or just sounds prestigious. Picture yourself doing this daily for years. Does it energize or exhaust you? Your gut reaction matters more than what you think you should want.,,
ResultQuestion,PD492,Do you want to work in Historic Preservation & Conservation?,Consider whether this work genuinely appeals to you or just sounds prestigious. Picture yourself doing this daily for years. Does it energize or exhaust you? Your gut reaction matters more than what you think you should want.,,
ResultQuestion,PD493,Do you want to work in Museum Curation & Collections?,Consider whether this work genuinely appeals to you or just sounds prestigious. Picture yourself doing this daily for years. Does it energize or exhaust you? Your gut reaction matters more than what you think you should want.,,
ResultQuestion,PD494,Do you want to work in Archival & Historical Records?,Consider whether this work genuinely appeals to you or just sounds prestigious. Picture yourself doing this daily for years. Does it energize or exhaust you? Your gut reaction matters more than what you think you should want.,,
ResultQuestion,PD495,Do you want to work in Library Science & Information?,Consider whether this work genuinely appeals to you or just sounds prestigious. Picture yourself doing this daily for years. Does it energize or exhaust you? Your gut reaction matters more than what you think you should want.,,
ResultQuestion,PD496,Do you want to work in Publishing & Editorial Leadership?,Consider whether this work genuinely appeals to you or just sounds prestigious. Picture yourself doing this daily for years. Does it energize or exhaust you? Your gut reaction matters more than what you think you should want.,,
ResultQuestion,PD497,Do you want to work in Literary Representation & Agenting?,Consider whether this work genuinely appeals to you or just sounds prestigious. Picture yourself doing this daily for years. Does it energize or exhaust you? Your gut reaction matters more than what you think you should want.,,
ResultQuestion,PD498,Do you want to work in Film & Television Production Management?,Consider whether this work genuinely appeals to you or just sounds prestigious. Picture yourself doing this daily for years. Does it energize or exhaust you? Your gut reaction matters more than what you think you should want.,,
ResultQuestion,PD499,Do you want to work in Screenwriting & Story Development?,Consider whether this work genuinely appeals to you or just sounds prestigious. Picture yourself doing this daily for years. Does it energize or exhaust you? Your gut reaction matters more than what you think you should want.,,
ResultQuestion,PD500,Do you want to work in Cinematography & Visual Storytelling?,Consider whether this work genuinely appeals to you or just sounds prestigious. Picture yourself doing this daily for years. Does it energize or exhaust you? Your gut reaction matters more than what you think you should want.,,
ResultQuestion,PD501,Do you want to work in Film Editing & Post-Production?,Consider whether this work genuinely appeals to you or just sounds prestigious. Picture yourself doing this daily for years. Does it energize or exhaust you? Your gut reaction matters more than what you think you should want.,,
ResultQuestion,PD502,Do you want to work in Documentary Filmmaking?,Consider whether this work genuinely appeals to you or just sounds prestigious. Picture yourself doing this daily for years. Does it energize or exhaust you? Your gut reaction matters more than what you think you should want.,,
ResultQuestion,PD503,Do you want to work in Broadcast Journalism & News?,Consider whether this work genuinely appeals to you or just sounds prestigious. Picture yourself doing this daily for years. Does it energize or exhaust you? Your gut reaction matters more than what you think you should want.,,
ResultQuestion,PD504,Do you want to work in Investigative Journalism?,Consider whether this work genuinely appeals to you or just sounds prestigious. Picture yourself doing this daily for years. Does it energize or exhaust you? Your gut reaction matters more than what you think you should want.,,
ResultQuestion,PD505,Do you want to work in Sports Journalism & Broadcasting?,Consider whether this work genuinely appeals to you or just sounds prestigious. Picture yourself doing this daily for years. Does it energize or exhaust you? Your gut reaction matters more than what you think you should want.,,
ResultQuestion,PD506,Do you want to work in Arts & Culture Criticism?,Consider whether this work genuinely appeals to you or just sounds prestigious. Picture yourself doing this daily for years. Does it energize or exhaust you? Your gut reaction matters more than what you think you should want.,,
ResultQuestion,PD507,Do you want to work in Public Relations & Media Strategy?,Consider whether this work genuinely appeals to you or just sounds prestigious. Picture yourself doing this daily for years. Does it energize or exhaust you? Your gut reaction matters more than what you think you should want.,,
ResultQuestion,PD508,Do you want to work in Corporate Communications?,Consider whether this work genuinely appeals to you or just sounds prestigious. Picture yourself doing this daily for years. Does it energize or exhaust you? Your gut reaction matters more than what you think you should want.,,
ResultQuestion,PD509,Do you want to work in Crisis Communication & Management?,Consider whether this work genuinely appeals to you or just sounds prestigious. Picture yourself doing this daily for years. Does it energize or exhaust you? Your gut reaction matters more than what you think you should want.,,
ResultQuestion,PD510,Do you want to work in Speechwriting & Executive Communication?,Consider whether this work genuinely appeals to you or just sounds prestigious. Picture yourself doing this daily for years. Does it energize or exhaust you? Your gut reaction matters more than what you think you should want.,,
ResultQuestion,PD511,Do you want to work in Graphic Communication Design?,Consider whether this work genuinely appeals to you or just sounds prestigious. Picture yourself doing this daily for years. Does it energize or exhaust you? Your gut reaction matters more than what you think you should want.,,
ResultQuestion,PD512,Do you want to work in Brand Identity & Logo Design?,Consider whether this work genuinely appeals to you or just sounds prestigious. Picture yourself doing this daily for years. Does it energize or exhaust you? Your gut reaction matters more than what you think you should want.,,
ResultQuestion,PD513,Do you want to work in Package Design & Product Graphics?,Consider whether this work genuinely appeals to you or just sounds prestigious. Picture yourself doing this daily for years. Does it energize or exhaust you? Your gut reaction matters more than what you think you should want.,,
ResultQuestion,PD514,Do you want to work in Motion Graphics & Animation?,Consider whether this work genuinely appeals to you or just sounds prestigious. Picture yourself doing this daily for years. Does it energize or exhaust you? Your gut reaction matters more than what you think you should want.,,
ResultQuestion,PD515,Do you want to work in Information Design & Data Visualization?,Consider whether this work genuinely appeals to you or just sounds prestigious. Picture yourself doing this daily for years. Does it energize or exhaust you? Your gut reaction matters more than what you think you should want.,,
ResultQuestion,PD516,Do you want to work in Illustration & Visual Storytelling?,Consider whether this work genuinely appeals to you or just sounds prestigious. Picture yourself doing this daily for years. Does it energize or exhaust you? Your gut reaction matters more than what you think you should want.,,
ResultQuestion,PD517,Do you want to work in Character Design & Development?,Consider whether this work genuinely appeals to you or just sounds prestigious. Picture yourself doing this daily for years. Does it energize or exhaust you? Your gut reaction matters more than what you think you should want.,,
ResultQuestion,PD518,Do you want to work in Concept Art & Visual Development?,Consider whether this work genuinely appeals to you or just sounds prestigious. Picture yourself doing this daily for years. Does it energize or exhaust you? Your gut reaction matters more than what you think you should want.,,
ResultQuestion,PD519,Do you want to work in Environment & Background Design?,Consider whether this work genuinely appeals to you or just sounds prestigious. Picture yourself doing this daily for years. Does it energize or exhaust you? Your gut reaction matters more than what you think you should want.,,
ResultQuestion,PD520,Do you want to work in Storyboarding & Visual Planning?,Consider whether this work genuinely appeals to you or just sounds prestigious. Picture yourself doing this daily for years. Does it energize or exhaust you? Your gut reaction matters more than what you think you should want.,,
ResultQuestion,PD521,Do you want to work in Comic Book & Sequential Art?,Consider whether this work genuinely appeals to you or just sounds prestigious. Picture yourself doing this daily for years. Does it energize or exhaust you? Your gut reaction matters more than what you think you should want.,,
ResultQuestion,PD522,Do you want to work in Tattoo Artistry & Body Art?,Consider whether this work genuinely appeals to you or just sounds prestigious. Picture yourself doing this daily for years. Does it energize or exhaust you? Your gut reaction matters more than what you think you should want.,,
ResultQuestion,PD523,Do you want to work in Makeup Artistry & Special Effects?,Consider whether this work genuinely appeals to you or just sounds prestigious. Picture yourself doing this daily for years. Does it energize or exhaust you? Your gut reaction matters more than what you think you should want.,,
ResultQuestion,PD524,Do you want to work in Costume Design & Wardrobe?,Consider whether this work genuinely appeals to you or just sounds prestigious. Picture yourself doing this daily for years. Does it energize or exhaust you? Your gut reaction matters more than what you think you should want.,,
ResultQuestion,PD525,Do you want to work in Scenic & Production Design?,Consider whether this work genuinely appeals to you or just sounds prestigious. Picture yourself doing this daily for years. Does it energize or exhaust you? Your gut reaction matters more than what you think you should want.,,
ResultQuestion,PD526,Do you want to work in Lighting Design & Technical Direction?,Consider whether this work genuinely appeals to you or just sounds prestigious. Picture yourself doing this daily for years. Does it energize or exhaust you? Your gut reaction matters more than what you think you should want.,,
ResultQuestion,PD527,Do you want to work in Sound Design & Audio Production?,Consider whether this work genuinely appeals to you or just sounds prestigious. Picture yourself doing this daily for years. Does it energize or exhaust you? Your gut reaction matters more than what you think you should want.,,
ResultQuestion,PD528,Do you want to work in Music Supervision & Licensing?,Consider whether this work genuinely appeals to you or just sounds prestigious. Picture yourself doing this daily for years. Does it energize or exhaust you? Your gut reaction matters more than what you think you should want.,,
ResultQuestion,PD529,Do you want to work in Music Theory & Composition Education?,Consider whether this work genuinely appeals to you or just sounds prestigious. Picture yourself doing this daily for years. Does it energize or exhaust you? Your gut reaction matters more than what you think you should want.,,
ResultQuestion,PD530,Do you want to work in Instrumental & Performance Education?,Consider whether this work genuinely appeals to you or just sounds prestigious. Picture yourself doing this daily for years. Does it energize or exhaust you? Your gut reaction matters more than what you think you should want.,,
ResultQuestion,PD531,Do you want to work in Arts Administration & Management?,Consider whether this work genuinely appeals to you or just sounds prestigious. Picture yourself doing this daily for years. Does it energize or exhaust you? Your gut reaction matters more than what you think you should want.,,
ResultQuestion,PD532,Do you want to work in Gallery & Art Dealing?,Consider whether this work genuinely appeals to you or just sounds prestigious. Picture yourself doing this daily for years. Does it energize or exhaust you? Your gut reaction matters more than what you think you should want.,,
ResultQuestion,PD533,Do you want to work in Art Conservation & Restoration?,Consider whether this work genuinely appeals to you or just sounds prestigious. Picture yourself doing this daily for years. Does it energize or exhaust you? Your gut reaction matters more than what you think you should want.,,
ResultQuestion,PD534,Do you want to work in Arts Therapy & Creative Expression?,Consider whether this work genuinely appeals to you or just sounds prestigious. Picture yourself doing this daily for years. Does it energize or exhaust you? Your gut reaction matters more than what you think you should want.,,
ResultQuestion,PD535,Do you want to work in Music Therapy & Healing?,Consider whether this work genuinely appeals to you or just sounds prestigious. Picture yourself doing this daily for years. Does it energize or exhaust you? Your gut reaction matters more than what you think you should want.,,
ResultQuestion,PD536,Do you want to work in Recreational Therapy & Activity?,Consider whether this work genuinely appeals to you or just sounds prestigious. Picture yourself doing this daily for years. Does it energize or exhaust you? Your gut reaction matters more than what you think you should want.,,
ResultQuestion,PD537,Do you want to work in Dance Therapy & Movement?,Consider whether this work genuinely appeals to you or just sounds prestigious. Picture yourself doing this daily for years. Does it energize or exhaust you? Your gut reaction matters more than what you think you should want.,,
ResultQuestion,PD538,Do you want to work in Drama Therapy & Psychodrama?,Consider whether this work genuinely appeals to you or just sounds prestigious. Picture yourself doing this daily for years. Does it energize or exhaust you? Your gut reaction matters more than what you think you should want.,,
ResultQuestion,PD539,Do you want to work in Expressive Arts Therapy?,Consider whether this work genuinely appeals to you or just sounds prestigious. Picture yourself doing this daily for years. Does it energize or exhaust you? Your gut reaction matters more than what you think you should want.,,
ResultQuestion,PD540,Do you want to work in Holistic Health & Integrative Medicine?,Consider whether this work genuinely appeals to you or just sounds prestigious. Picture yourself doing this daily for years. Does it energize or exhaust you? Your gut reaction matters more than what you think you should want.,,
ResultQuestion,PD541,Do you want to work in Functional Medicine Practice?,Consider whether this work genuinely appeals to you or just sounds prestigious. Picture yourself doing this daily for years. Does it energize or exhaust you? Your gut reaction matters more than what you think you should want.,,
ResultQuestion,PD542,Do you want to work in Health Coaching & Wellness?,Consider whether this work genuinely appeals to you or just sounds prestigious. Picture yourself doing this daily for years. Does it energize or exhaust you? Your gut reaction matters more than what you think you should want.,,
ResultQuestion,PD543,Do you want to work in Personal Chef & Culinary Services?,Consider whether this work genuinely appeals to you or just sounds prestigious. Picture yourself doing this daily for years. Does it energize or exhaust you? Your gut reaction matters more than what you think you should want.,,
ResultQuestion,PD544,Do you want to work in Wine & Beverage Education?,Consider whether this work genuinely appeals to you or just sounds prestigious. Picture yourself doing this daily for years. Does it energize or exhaust you? Your gut reaction matters more than what you think you should want.,,
ResultQuestion,PD545,Do you want to work in Food Photography & Styling?,Consider whether this work genuinely appeals to you or just sounds prestigious. Picture yourself doing this daily for years. Does it energize or exhaust you? Your gut reaction matters more than what you think you should want.,,
ResultQuestion,PD546,Do you want to work in Pet Training & Animal Behavior?,Consider whether this work genuinely appeals to you or just sounds prestigious. Picture yourself doing this daily for years. Does it energize or exhaust you? Your gut reaction matters more than what you think you should want.,,
ResultQuestion,PD547,Do you want to work in Equestrian Training & Horsemanship?,Consider whether this work genuinely appeals to you or just sounds prestigious. Picture yourself doing this daily for years. Does it energize or exhaust you? Your gut reaction matters more than what you think you should want.,,
ResultQuestion,PD548,Do you want to work in Aquarium & Marine Systems?,Consider whether this work genuinely appeals to you or just sounds prestigious. Picture yourself doing this daily for years. Does it energize or exhaust you? Your gut reaction matters more than what you think you should want.,,
ResultQuestion,PD549,Do you want to work in Zoological Care & Management?,Consider whether this work genuinely appeals to you or just sounds prestigious. Picture yourself doing this daily for years. Does it energize or exhaust you? Your gut reaction matters more than what you think you should want.,,
ResultQuestion,PD550,Do you want to work in Professional Organizing & Decluttering?,Consider whether this work genuinely appeals to you or just sounds prestigious. Picture yourself doing this daily for years. Does it energize or exhaust you? Your gut reaction matters more than what you think you should want.,,
ResultQuestion,PD551,Do you want to work in Concierge & Lifestyle Management?,Consider whether this work genuinely appeals to you or just sounds prestigious. Picture yourself doing this daily for years. Does it energize or exhaust you? Your gut reaction matters more than what you think you should want.,,
ResultQuestion,PD552,Do you want to work in Wedding Planning & Coordination?,Consider whether this work genuinely appeals to you or just sounds prestigious. Picture yourself doing this daily for years. Does it energize or exhaust you? Your gut reaction matters more than what you think you should want.,,
ResultQuestion,PD553,Do you want to work in Event Decoration & Design?,Consider whether this work genuinely appeals to you or just sounds prestigious. Picture yourself doing this daily for years. Does it energize or exhaust you? Your gut reaction matters more than what you think you should want.,,
ResultQuestion,PD554,Do you want to work in Catering & Food Service?,Consider whether this work genuinely appeals to you or just sounds prestigious. Picture yourself doing this daily for years. Does it energize or exhaust you? Your gut reaction matters more than what you think you should want.,,
ResultQuestion,PD555,Do you want to work in Floral Design & Artistry?,Consider whether this work genuinely appeals to you or just sounds prestigious. Picture yourself doing this daily for years. Does it energize or exhaust you? Your gut reaction matters more than what you think you should want.,,
ResultQuestion,PD556,Do you want to work in Sommelier & Wine Service?,Consider whether this work genuinely appeals to you or just sounds prestigious. Picture yourself doing this daily for years. Does it energize or exhaust you? Your gut reaction matters more than what you think you should want.,,
ResultQuestion,PD557,Do you want to work in Craft Brewing & Beer Production?,Consider whether this work genuinely appeals to you or just sounds prestigious. Picture yourself doing this daily for years. Does it energize or exhaust you? Your gut reaction matters more than what you think you should want.,,
ResultQuestion,PD558,Do you want to work in Distilling & Spirits Production?,Consider whether this work genuinely appeals to you or just sounds prestigious. Picture yourself doing this daily for years. Does it energize or exhaust you? Your gut reaction matters more than what you think you should want.,,
ResultQuestion,PD559,Do you want to work in Coffee Roasting & Specialty Coffee?,Consider whether this work genuinely appeals to you or just sounds prestigious. Picture yourself doing this daily for years. Does it energize or exhaust you? Your gut reaction matters more than what you think you should want.,,
ResultQuestion,PD560,Do you want to work in Artisan Baking & Bread Making?,Consider whether this work genuinely appeals to you or just sounds prestigious. Picture yourself doing this daily for years. Does it energize or exhaust you? Your gut reaction matters more than what you think you should want.,,
ResultQuestion,PD561,Do you want to work in Chocolate Making & Confectionery?,Consider whether this work genuinely appeals to you or just sounds prestigious. Picture yourself doing this daily for years. Does it energize or exhaust you? Your gut reaction matters more than what you think you should want.,,
ResultQuestion,PD562,Do you want to work in Cheese Making & Dairy Artisan?,Consider whether this work genuinely appeals to you or just sounds prestigious. Picture yourself doing this daily for years. Does it energize or exhaust you? Your gut reaction matters more than what you think you should want.,,
ResultQuestion,PD563,Do you want to work in Butchery & Meat Cutting?,Consider whether this work genuinely appeals to you or just sounds prestigious. Picture yourself doing this daily for years. Does it energize or exhaust you? Your gut reaction matters more than what you think you should want.,,
ResultQuestion,PD564,Do you want to work in Personal Shopping & Styling?,Consider whether this work genuinely appeals to you or just sounds prestigious. Picture yourself doing this daily for years. Does it energize or exhaust you? Your gut reaction matters more than what you think you should want.,,
ResultQuestion,PD565,Do you want to work in Image Consulting & Style?,Consider whether this work genuinely appeals to you or just sounds prestigious. Picture yourself doing this daily for years. Does it energize or exhaust you? Your gut reaction matters more than what you think you should want.,,
ResultQuestion,PD566,Do you want to work in Wardrobe Consulting & Organization?,Consider whether this work genuinely appeals to you or just sounds prestigious. Picture yourself doing this daily for years. Does it energize or exhaust you? Your gut reaction matters more than what you think you should want.,,
ResultQuestion,PD567,Do you want to work in Color Analysis & Personal Palette?,Consider whether this work genuinely appeals to you or just sounds prestigious. Picture yourself doing this daily for years. Does it energize or exhaust you? Your gut reaction matters more than what you think you should want.,,
ResultQuestion,PD568,Do you want to work in Sustainable Fashion & Ethical Design?,Consider whether this work genuinely appeals to you or just sounds prestigious. Picture yourself doing this daily for years. Does it energize or exhaust you? Your gut reaction matters more than what you think you should want.,,
ResultQuestion,PD569,Do you want to work in Vintage Clothing & Resale?,Consider whether this work genuinely appeals to you or just sounds prestigious. Picture yourself doing this daily for years. Does it energize or exhaust you? Your gut reaction matters more than what you think you should want.,,
ResultQuestion,PD570,Do you want to work in Textile Design & Development?,Consider whether this work genuinely appeals to you or just sounds prestigious. Picture yourself doing this daily for years. Does it energize or exhaust you? Your gut reaction matters more than what you think you should want.,,
ResultQuestion,PD571,Do you want to work in Knitwear & Fashion Knitting?,Consider whether this work genuinely appeals to you or just sounds prestigious. Picture yourself doing this daily for years. Does it energize or exhaust you? Your gut reaction matters more than what you think you should want.,,
ResultQuestion,PD572,Do you want to work in Pattern Making & Garment Construction?,Consider whether this work genuinely appeals to you or just sounds prestigious. Picture yourself doing this daily for years. Does it energize or exhaust you? Your gut reaction matters more than what you think you should want.,,
ResultQuestion,PD573,Do you want to work in Millinery & Hat Making?,Consider whether this work genuinely appeals to you or just sounds prestigious. Picture yourself doing this daily for years. Does it energize or exhaust you? Your gut reaction matters more than what you think you should want.,,
ResultQuestion,PD574,Do you want to work in Jewelry Design & Fabrication?,Consider whether this work genuinely appeals to you or just sounds prestigious. Picture yourself doing this daily for years. Does it energize or exhaust you? Your gut reaction matters more than what you think you should want.,,
ResultQuestion,PD575,Do you want to work in Metalsmithing & Artisan Crafts?,Consider whether this work genuinely appeals to you or just sounds prestigious. Picture yourself doing this daily for years. Does it energize or exhaust you? Your gut reaction matters more than what you think you should want.,,
ResultQuestion,PD576,Do you want to work in Woodworking & Fine Furniture?,Consider whether this work genuinely appeals to you or just sounds prestigious. Picture yourself doing this daily for years. Does it energize or exhaust you? Your gut reaction matters more than what you think you should want.,,
ResultQuestion,PD577,Do you want to work in Ceramics & Pottery?,Consider whether this work genuinely appeals to you or just sounds prestigious. Picture yourself doing this daily for years. Does it energize or exhaust you? Your gut reaction matters more than what you think you should want.,,
ResultQuestion,PD578,Do you want to work in Glassblowing & Glass Art?,Consider whether this work genuinely appeals to you or just sounds prestigious. Picture yourself doing this daily for years. Does it energize or exhaust you? Your gut reaction matters more than what you think you should want.,,
ResultQuestion,PD579,Do you want to work in Printmaking & Fine Art Printing?,Consider whether this work genuinely appeals to you or just sounds prestigious. Picture yourself doing this daily for years. Does it energize or exhaust you? Your gut reaction matters more than what you think you should want.,,
ResultQuestion,PD580,Do you want to work in Bookbinding & Book Arts?,Consider whether this work genuinely appeals to you or just sounds prestigious. Picture yourself doing this daily for years. Does it energize or exhaust you? Your gut reaction matters more than what you think you should want.,,
ResultQuestion,PD581,Do you want to work in Calligraphy & Hand Lettering?,Consider whether this work genuinely appeals to you or just sounds prestigious. Picture yourself doing this daily for years. Does it energize or exhaust you? Your gut reaction matters more than what you think you should want.,,
ResultQuestion,PD582,Do you want to work in Paper Making & Paper Arts?,Consider whether this work genuinely appeals to you or just sounds prestigious. Picture yourself doing this daily for years. Does it energize or exhaust you? Your gut reaction matters more than what you think you should want.,,
ResultQuestion,PD583,Do you want to work in Fiber Arts & Textile Crafts?,Consider whether this work genuinely appeals to you or just sounds prestigious. Picture yourself doing this daily for years. Does it energize or exhaust you? Your gut reaction matters more than what you think you should want.,,
ResultQuestion,PD584,Do you want to work in Quilting & Fabric Arts?,Consider whether this work genuinely appeals to you or just sounds prestigious. Picture yourself doing this daily for years. Does it energize or exhaust you? Your gut reaction matters more than what you think you should want.,,
ResultQuestion,PD585,Do you want to work in Embroidery & Needlework?,Consider whether this work genuinely appeals to you or just sounds prestigious. Picture yourself doing this daily for years. Does it energize or exhaust you? Your gut reaction matters more than what you think you should want.,,
ResultQuestion,PD586,Do you want to work in Leatherworking & Leather Crafts?,Consider whether this work genuinely appeals to you or just sounds prestigious. Picture yourself doing this daily for years. Does it energize or exhaust you? Your gut reaction matters more than what you think you should want.,,
ResultQuestion,PD587,Do you want to work in Blacksmithing & Metalwork?,Consider whether this work genuinely appeals to you or just sounds prestigious. Picture yourself doing this daily for years. Does it energize or exhaust you? Your gut reaction matters more than what you think you should want.,,
ResultQuestion,PD588,Do you want to work in Automotive Customization & Restoration?,Consider whether this work genuinely appeals to you or just sounds prestigious. Picture yourself doing this daily for years. Does it energize or exhaust you? Your gut reaction matters more than what you think you should want.,,
ResultQuestion,PD589,Do you want to work in Motorcycle Repair & Customization?,Consider whether this work genuinely appeals to you or just sounds prestigious. Picture yourself doing this daily for years. Does it energize or exhaust you? Your gut reaction matters more than what you think you should want.,,
ResultQuestion,PD590,Do you want to work in Marine & Boat Building?,Consider whether this work genuinely appeals to you or just sounds prestigious. Picture yourself doing this daily for years. Does it energize or exhaust you? Your gut reaction matters more than what you think you should want.,,
ResultQuestion,PD591,Do you want to work in Aircraft Building & Experimental Aviation?,Consider whether this work genuinely appeals to you or just sounds prestigious. Picture yourself doing this daily for years. Does it energize or exhaust you? Your gut reaction matters more than what you think you should want.,,
ResultQuestion,PD592,Do you want to work in Model Making & Miniatures?,Consider whether this work genuinely appeals to you or just sounds prestigious. Picture yourself doing this daily for years. Does it energize or exhaust you? Your gut reaction matters more than what you think you should want.,,
ResultQuestion,PD593,Do you want to work in Prop Making & Special Effects?,Consider whether this work genuinely appeals to you or just sounds prestigious. Picture yourself doing this daily for years. Does it energize or exhaust you? Your gut reaction matters more than what you think you should want.,,
ResultQuestion,PD594,Do you want to work in Robotics & Mechatronics Hobbyist?,Consider whether this work genuinely appeals to you or just sounds prestigious. Picture yourself doing this daily for years. Does it energize or exhaust you? Your gut reaction matters more than what you think you should want.,,
ResultQuestion,PD595,Do you want to work in Electronics Hobbyist & Making?,Consider whether this work genuinely appeals to you or just sounds prestigious. Picture yourself doing this daily for years. Does it energize or exhaust you? Your gut reaction matters more than what you think you should want.,,
ResultQuestion,PD596,Do you want to work in 3D Modeling & Digital Fabrication?,Consider whether this work genuinely appeals to you or just sounds prestigious. Picture yourself doing this daily for years. Does it energize or exhaust you? Your gut reaction matters more than what you think you should want.,,
ResultQuestion,PD597,Do you want to work in Drone Building & FPV Flying?,Consider whether this work genuinely appeals to you or just sounds prestigious. Picture yourself doing this daily for years. Does it energize or exhaust you? Your gut reaction matters more than what you think you should want.,,
ResultQuestion,PD598,Do you want to work in Amateur Radio & Communications?,Consider whether this work genuinely appeals to you or just sounds prestigious. Picture yourself doing this daily for years. Does it energize or exhaust you? Your gut reaction matters more than what you think you should want.,,
ResultQuestion,PD599,Do you want to work in Astronomy & Astrophotography?,Consider whether this work genuinely appeals to you or just sounds prestigious. Picture yourself doing this daily for years. Does it energize or exhaust you? Your gut reaction matters more than what you think you should want.,,
ResultQuestion,PD600,Do you want to work in Genealogy & Family History Research?,Consider whether this work genuinely appeals to you or just sounds prestigious. Picture yourself doing this daily for years. Does it energize or exhaust you? Your gut reaction matters more than what you think you should want.,,
ResultQuestion,PD601,Do you want to work in Circus Arts & Performance?,Consider whether this work genuinely appeals to you or just sounds prestigious. Picture yourself doing this daily for years. Does it energize or exhaust you? Your gut reaction matters more than what you think you should want.,,
ResultQuestion,PD602,Do you want to work in Magic & Illusion Performance?,Consider whether this work genuinely appeals to you or just sounds prestigious. Picture yourself doing this daily for years. Does it energize or exhaust you? Your gut reaction matters more than what you think you should want.,,
ResultQuestion,PD603,Do you want to work in Comedy & Stand-Up Performance?,Consider whether this work genuinely appeals to you or just sounds prestigious. Picture yourself doing this daily for years. Does it energize or exhaust you? Your gut reaction matters more than what you think you should want.,,
ResultQuestion,PD604,Do you want to work in Improv & Comedic Theater?,Consider whether this work genuinely appeals to you or just sounds prestigious. Picture yourself doing this daily for years. Does it energize or exhaust you? Your gut reaction matters more than what you think you should want.,,
ResultQuestion,PD605,Do you want to work in Voice Acting & Character Performance?,Consider whether this work genuinely appeals to you or just sounds prestigious. Picture yourself doing this daily for years. Does it energize or exhaust you? Your gut reaction matters more than what you think you should want.,,
ResultQuestion,PD606,Do you want to work in Audiobook Narration?,Consider whether this work genuinely appeals to you or just sounds prestigious. Picture yourself doing this daily for years. Does it energize or exhaust you? Your gut reaction matters more than what you think you should want.,,
ResultQuestion,PD607,Do you want to work in Podcast Production & Hosting?,Consider whether this work genuinely appeals to you or just sounds prestigious. Picture yourself doing this daily for years. Does it energize or exhaust you? Your gut reaction matters more than what you think you should want.,,
ResultQuestion,PD608,Do you want to work in Radio Production & Broadcasting?,Consider whether this work genuinely appeals to you or just sounds prestigious. Picture yourself doing this daily for years. Does it energize or exhaust you? Your gut reaction matters more than what you think you should want.,,
ResultQuestion,PD609,Do you want to work in Voice-Over & Commercial Narration?,Consider whether this work genuinely appeals to you or just sounds prestigious. Picture yourself doing this daily for years. Does it energize or exhaust you? Your gut reaction matters more than what you think you should want.,,
ResultQuestion,PD610,Do you want to work in Dialect Coaching & Accent Training?,Consider whether this work genuinely appeals to you or just sounds prestigious. Picture yourself doing this daily for years. Does it energize or exhaust you? Your gut reaction matters more than what you think you should want.,,
ResultQuestion,PD611,Do you want to work in Speech Therapy & Communication Disorders?,Consider whether this work genuinely appeals to you or just sounds prestigious. Picture yourself doing this daily for years. Does it energize or exhaust you? Your gut reaction matters more than what you think you should want.,,
ResultQuestion,PD612,Do you want to work in Occupational Therapy Assistance?,Consider whether this work genuinely appeals to you or just sounds prestigious. Picture yourself doing this daily for years. Does it energize or exhaust you? Your gut reaction matters more than what you think you should want.,,
ResultQuestion,PD613,Do you want to work in Physical Therapy Assistance?,Consider whether this work genuinely appeals to you or just sounds prestigious. Picture yourself doing this daily for years. Does it energize or exhaust you? Your gut reaction matters more than what you think you should want.,,
ResultQuestion,PD614,Do you want to work in Athletic Training Assistance?,Consider whether this work genuinely appeals to you or just sounds prestigious. Picture yourself doing this daily for years. Does it energize or exhaust you? Your gut reaction matters more than what you think you should want.,,
ResultQuestion,PD615,Do you want to work in Fitness & Personal Training?,Consider whether this work genuinely appeals to you or just sounds prestigious. Picture yourself doing this daily for years. Does it energize or exhaust you? Your gut reaction matters more than what you think you should want.,,
ResultQuestion,PD616,Do you want to work in Group Fitness Instruction?,Consider whether this work genuinely appeals to you or just sounds prestigious. Picture yourself doing this daily for years. Does it energize or exhaust you? Your gut reaction matters more than what you think you should want.,,
ResultQuestion,PD617,Do you want to work in Pilates Instruction?,Consider whether this work genuinely appeals to you or just sounds prestigious. Picture yourself doing this daily for years. Does it energize or exhaust you? Your gut reaction matters more than what you think you should want.,,
ResultQuestion,PD618,Do you want to work in Spin & Cycling Instruction?,Consider whether this work genuinely appeals to you or just sounds prestigious. Picture yourself doing this daily for years. Does it energize or exhaust you? Your gut reaction matters more than what you think you should want.,,
ResultQuestion,PD619,Do you want to work in CrossFit & Functional Training?,Consider whether this work genuinely appeals to you or just sounds prestigious. Picture yourself doing this daily for years. Does it energize or exhaust you? Your gut reaction matters more than what you think you should want.,,
ResultQuestion,PD620,Do you want to work in Martial Arts Instruction?,Consider whether this work genuinely appeals to you or just sounds prestigious. Picture yourself doing this daily for years. Does it energize or exhaust you? Your gut reaction matters more than what you think you should want.,,
ResultQuestion,PD621,Do you want to work in Boxing & Combat Sports Coaching?,Consider whether this work genuinely appeals to you or just sounds prestigious. Picture yourself doing this daily for years. Does it energize or exhaust you? Your gut reaction matters more than what you think you should want.,,
ResultQuestion,PD622,Do you want to work in Swimming & Aquatics Instruction?,Consider whether this work genuinely appeals to you or just sounds prestigious. Picture yourself doing this daily for years. Does it energize or exhaust you? Your gut reaction matters more than what you think you should want.,,
ResultQuestion,PD623,Do you want to work in Tennis & Racquet Sports Coaching?,Consider whether this work genuinely appeals to you or just sounds prestigious. Picture yourself doing this daily for years. Does it energize or exhaust you? Your gut reaction matters more than what you think you should want.,,
ResultQuestion,PD624,Do you want to work in Golf Instruction & Coaching?,Consider whether this work genuinely appeals to you or just sounds prestigious. Picture yourself doing this daily for years. Does it energize or exhaust you? Your gut reaction matters more than what you think you should want.,,
ResultQuestion,PD625,Do you want to work in Skiing & Snowboarding Instruction?,Consider whether this work genuinely appeals to you or just sounds prestigious. Picture yourself doing this daily for years. Does it energize or exhaust you? Your gut reaction matters more than what you think you should want.,,
ResultQuestion,PD626,Do you want to work in Surf & Water Sports Instruction?,Consider whether this work genuinely appeals to you or just sounds prestigious. Picture yourself doing this daily for years. Does it energize or exhaust you? Your gut reaction matters more than what you think you should want.,,
ResultQuestion,PD627,Do you want to work in Rock Climbing & Mountaineering Instruction?,Consider whether this work genuinely appeals to you or just sounds prestigious. Picture yourself doing this daily for years. Does it energize or exhaust you? Your gut reaction matters more than what you think you should want.,,
ResultQuestion,PD628,Do you want to work in Scuba Diving Instruction?,Consider whether this work genuinely appeals to you or just sounds prestigious. Picture yourself doing this daily for years. Does it energize or exhaust you? Your gut reaction matters more than what you think you should want.,,
ResultQuestion,PD629,Do you want to work in Outdoor Education & Adventure?,Consider whether this work genuinely appeals to you or just sounds prestigious. Picture yourself doing this daily for years. Does it energize or exhaust you? Your gut reaction matters more than what you think you should want.,,
ResultQuestion,PD630,Do you want to work in Environmental Education?,Consider whether this work genuinely appeals to you or just sounds prestigious. Picture yourself doing this daily for years. Does it energize or exhaust you? Your gut reaction matters more than what you think you should want.,,
ResultQuestion,PD631,Do you want to work in Nature Interpretation & Guiding?,Consider whether this work genuinely appeals to you or just sounds prestigious. Picture yourself doing this daily for years. Does it energize or exhaust you? Your gut reaction matters more than what you think you should want.,,
ResultQuestion,PD632,Do you want to work in Park Ranger & Natural Resources?,Consider whether this work genuinely appeals to you or just sounds prestigious. Picture yourself doing this daily for years. Does it energize or exhaust you? Your gut reaction matters more than what you think you should want.,,
ResultQuestion,PD633,Do you want to work in Trail Building & Maintenance?,Consider whether this work genuinely appeals to you or just sounds prestigious. Picture yourself doing this daily for years. Does it energize or exhaust you? Your gut reaction matters more than what you think you should want.,,
ResultQuestion,PD634,Do you want to work in Landscape Design & Planning?,Consider whether this work genuinely appeals to you or just sounds prestigious. Picture yourself doing this daily for years. Does it energize or exhaust you? Your gut reaction matters more than what you think you should want.,,
ResultQuestion,PD635,Do you want to work in Irrigation & Water Management?,Consider whether this work genuinely appeals to you or just sounds prestigious. Picture yourself doing this daily for years. Does it energize or exhaust you? Your gut reaction matters more than what you think you should want.,,
ResultQuestion,PD636,Do you want to work in Turfgrass Management & Sports Fields?,Consider whether this work genuinely appeals to you or just sounds prestigious. Picture yourself doing this daily for years. Does it energize or exhaust you? Your gut reaction matters more than what you think you should want.,,
ResultQuestion,PD637,Do you want to work in Golf Course Maintenance & Management?,Consider whether this work genuinely appeals to you or just sounds prestigious. Picture yourself doing this daily for years. Does it energize or exhaust you? Your gut reaction matters more than what you think you should want.,,
ResultQuestion,PD638,Do you want to work in Pest Control & Integrated Management?,Consider whether this work genuinely appeals to you or just sounds prestigious. Picture yourself doing this daily for years. Does it energize or exhaust you? Your gut reaction matters more than what you think you should want.,,
ResultQuestion,PD639,Do you want to work in Tree Surgery & Arboriculture?,Consider whether this work genuinely appeals to you or just sounds prestigious. Picture yourself doing this daily for years. Does it energize or exhaust you? Your gut reaction matters more than what you think you should want.,,
ResultQuestion,PD640,Do you want to work in Landscaping & Grounds Maintenance?,Consider whether this work genuinely appeals to you or just sounds prestigious. Picture yourself doing this daily for years. Does it energize or exhaust you? Your gut reaction matters more than what you think you should want.,,
ResultQuestion,PD641,Do you want to work in Snow Removal & Winter Services?,Consider whether this work genuinely appeals to you or just sounds prestigious. Picture yourself doing this daily for years. Does it energize or exhaust you? Your gut reaction matters more than what you think you should want.,,
ResultQuestion,PD642,Do you want to work in Janitorial & Cleaning Services?,Consider whether this work genuinely appeals to you or just sounds prestigious. Picture yourself doing this daily for years. Does it energize or exhaust you? Your gut reaction matters more than what you think you should want.,,
ResultQuestion,PD643,Do you want to work in Window Cleaning & Building Maintenance?,Consider whether this work genuinely appeals to you or just sounds prestigious. Picture yourself doing this daily for years. Does it energize or exhaust you? Your gut reaction matters more than what you think you should want.,,
ResultQuestion,PD644,Do you want to work in Carpet & Upholstery Cleaning?,Consider whether this work genuinely appeals to you or just sounds prestigious. Picture yourself doing this daily for years. Does it energize or exhaust you? Your gut reaction matters more than what you think you should want.,,
ResultQuestion,PD645,Do you want to work in Pressure Washing & Surface Cleaning?,Consider whether this work genuinely appeals to you or just sounds prestigious. Picture yourself doing this daily for years. Does it energize or exhaust you? Your gut reaction matters more than what you think you should want.,,
ResultQuestion,PD646,Do you want to work in Chimney Sweeping & Inspection?,Consider whether this work genuinely appeals to you or just sounds prestigious. Picture yourself doing this daily for years. Does it energize or exhaust you? Your gut reaction matters more than what you think you should want.,,
ResultQuestion,PD647,Do you want to work in Handyman & General Repair?,Consider whether this work genuinely appeals to you or just sounds prestigious. Picture yourself doing this daily for years. Does it energize or exhaust you? Your gut reaction matters more than what you think you should want.,,
ResultQuestion,PD648,Do you want to work in Home Inspection & Assessment?,Consider whether this work genuinely appeals to you or just sounds prestigious. Picture yourself doing this daily for years. Does it energize or exhaust you? Your gut reaction matters more than what you think you should want.,,
ResultQuestion,PD649,Do you want to work in Pest Inspection & Termite Control?,Consider whether this work genuinely appeals to you or just sounds prestigious. Picture yourself doing this daily for years. Does it energize or exhaust you? Your gut reaction matters more than what you think you should want.,,
ResultQuestion,PD650,Do you want to work in Locksmith & Security Services?,Consider whether this work genuinely appeals to you or just sounds prestigious. Picture yourself doing this daily for years. Does it energize or exhaust you? Your gut reaction matters more than what you think you should want.,,
ResultQuestion,PD651,Do you want to work in Alarm & Security Systems Installation?,Consider whether this work genuinely appeals to you or just sounds prestigious. Picture yourself doing this daily for years. Does it energize or exhaust you? Your gut reaction matters more than what you think you should want.,,
ResultQuestion,PD652,Do you want to work in Audio-Visual Technology & Integration?,Consider whether this work genuinely appeals to you or just sounds prestigious. Picture yourself doing this daily for years. Does it energize or exhaust you? Your gut reaction matters more than what you think you should want.,,
ResultQuestion,PD653,Do you want to work in Home Theater & Entertainment Systems?,Consider whether this work genuinely appeals to you or just sounds prestigious. Picture yourself doing this daily for years. Does it energize or exhaust you? Your gut reaction matters more than what you think you should want.,,
ResultQuestion,PD654,Do you want to work in Smart Home & Home Automation?,Consider whether this work genuinely appeals to you or just sounds prestigious. Picture yourself doing this daily for years. Does it energize or exhaust you? Your gut reaction matters more than what you think you should want.,,
ResultQuestion,PD655,Do you want to work in Satellite & Antenna Installation?,Consider whether this work genuinely appeals to you or just sounds prestigious. Picture yourself doing this daily for years. Does it energize or exhaust you? Your gut reaction matters more than what you think you should want.,,
ResultQuestion,PD656,Do you want to work in Cable & Network Installation?,Consider whether this work genuinely appeals to you or just sounds prestigious. Picture yourself doing this daily for years. Does it energize or exhaust you? Your gut reaction matters more than what you think you should want.,,
ResultQuestion,PD657,Do you want to work in Computer Setup & Technical Support?,Consider whether this work genuinely appeals to you or just sounds prestigious. Picture yourself doing this daily for years. Does it energize or exhaust you? Your gut reaction matters more than what you think you should want.,,
ResultQuestion,PD658,Do you want to work in Mobile Device Repair?,Consider whether this work genuinely appeals to you or just sounds prestigious. Picture yourself doing this daily for years. Does it energize or exhaust you? Your gut reaction matters more than what you think you should want.,,
ResultQuestion,PD659,Do you want to work in Appliance Repair & Service?,Consider whether this work genuinely appeals to you or just sounds prestigious. Picture yourself doing this daily for years. Does it energize or exhaust you? Your gut reaction matters more than what you think you should want.,,
ResultQuestion,PD660,Do you want to work in Small Engine Repair & Service?,Consider whether this work genuinely appeals to you or just sounds prestigious. Picture yourself doing this daily for years. Does it energize or exhaust you? Your gut reaction matters more than what you think you should want.,,
ResultQuestion,PD661,Do you want to work in Bicycle Mechanics & Service?,Consider whether this work genuinely appeals to you or just sounds prestigious. Picture yourself doing this daily for years. Does it energize or exhaust you? Your gut reaction matters more than what you think you should want.,,
ResultQuestion,PD662,Do you want to work in Shoe Repair & Cobbler Services?,Consider whether this work genuinely appeals to you or just sounds prestigious. Picture yourself doing this daily for years. Does it energize or exhaust you? Your gut reaction matters more than what you think you should want.,,
ResultQuestion,PD663,Do you want to work in Watch Repair & Horology?,Consider whether this work genuinely appeals to you or just sounds prestigious. Picture yourself doing this daily for years. Does it energize or exhaust you? Your gut reaction matters more than what you think you should want.,,
ResultQuestion,PD664,Do you want to work in Gunsmith & Firearms Repair?,Consider whether this work genuinely appeals to you or just sounds prestigious. Picture yourself doing this daily for years. Does it energize or exhaust you? Your gut reaction matters more than what you think you should want.,,
ResultQuestion,PD665,Do you want to work in Musical Instrument Repair & Maintenance?,Consider whether this work genuinely appeals to you or just sounds prestigious. Picture yourself doing this daily for years. Does it energize or exhaust you? Your gut reaction matters more than what you think you should want.,,
ResultQuestion,PD666,Do you want to work in Piano Tuning & Service?,Consider whether this work genuinely appeals to you or just sounds prestigious. Picture yourself doing this daily for years. Does it energize or exhaust you? Your gut reaction matters more than what you think you should want.,,
ResultQuestion,PD667,Do you want to work in Organ Building & Maintenance?,Consider whether this work genuinely appeals to you or just sounds prestigious. Picture yourself doing this daily for years. Does it energize or exhaust you? Your gut reaction matters more than what you think you should want.,,
ResultQuestion,PD668,Do you want to work in Luthier & String Instrument Making?,Consider whether this work genuinely appeals to you or just sounds prestigious. Picture yourself doing this daily for years. Does it energize or exhaust you? Your gut reaction matters more than what you think you should want.,,
ResultQuestion,PD669,Do you want to work in Drum Making & Percussion?,Consider whether this work genuinely appeals to you or just sounds prestigious. Picture yourself doing this daily for years. Does it energize or exhaust you? Your gut reaction matters more than what you think you should want.,,
ResultQuestion,PD670,Do you want to work in Harmonica Repair & Customization?,Consider whether this work genuinely appeals to you or just sounds prestigious. Picture yourself doing this daily for years. Does it energize or exhaust you? Your gut reaction matters more than what you think you should want.,,
ResultQuestion,PD671,Do you want to work in Accordion Repair & Maintenance?,Consider whether this work genuinely appeals to you or just sounds prestigious. Picture yourself doing this daily for years. Does it energize or exhaust you? Your gut reaction matters more than what you think you should want.,,
ResultQuestion,PD672,Do you want to work in Bow Making & Rehair?,Consider whether this work genuinely appeals to you or just sounds prestigious. Picture yourself doing this daily for years. Does it energize or exhaust you? Your gut reaction matters more than what you think you should want.,,
ResultQuestion,PD673,Do you want to work in Violin Making & Lutherie?,Consider whether this work genuinely appeals to you or just sounds prestigious. Picture yourself doing this daily for years. Does it energize or exhaust you? Your gut reaction matters more than what you think you should want.,,
ResultQuestion,PD674,Do you want to work in Guitar Building & Repair?,Consider whether this work genuinely appeals to you or just sounds prestigious. Picture yourself doing this daily for years. Does it energize or exhaust you? Your gut reaction matters more than what you think you should want.,,
ResultQuestion,PD675,Do you want to work in Amplifier Repair & Electronics?,Consider whether this work genuinely appeals to you or just sounds prestigious. Picture yourself doing this daily for years. Does it energize or exhaust you? Your gut reaction matters more than what you think you should want.,,
ResultQuestion,PD676,Do you want to work in Recording Studio Engineering?,Consider whether this work genuinely appeals to you or just sounds prestigious. Picture yourself doing this daily for years. Does it energize or exhaust you? Your gut reaction matters more than what you think you should want.,,
ResultQuestion,PD677,Do you want to work in Live Sound Engineering?,Consider whether this work genuinely appeals to you or just sounds prestigious. Picture yourself doing this daily for years. Does it energize or exhaust you? Your gut reaction matters more than what you think you should want.,,
ResultQuestion,PD678,Do you want to work in Mastering Engineering?,Consider whether this work genuinely appeals to you or just sounds prestigious. Picture yourself doing this daily for years. Does it energize or exhaust you? Your gut reaction matters more than what you think you should want.,,
ResultQuestion,PD679,Do you want to work in Music Mixing & Production?,Consider whether this work genuinely appeals to you or just sounds prestigious. Picture yourself doing this daily for years. Does it energize or exhaust you? Your gut reaction matters more than what you think you should want.,,
ResultQuestion,PD680,Do you want to work in Foley Artist & Sound Effects?,Consider whether this work genuinely appeals to you or just sounds prestigious. Picture yourself doing this daily for years. Does it energize or exhaust you? Your gut reaction matters more than what you think you should want.,,
Links,JobID,RIASorE,QuestionID,Field3,Field4
L001,PD001,I,Q02,,
L002,PD001,I,Q12,,
L003,PD001,I,Q35,,
L004,PD001,I,Q40,,
L005,PD001,I,Q41,,
L006,PD001,I,Q43,,
L007,PD001,I,Q47,,
L008,PD002,I,Q02,,
L009,PD002,I,Q10,,
L010,PD002,I,Q13,,
L011,PD002,I,Q14,,
L012,PD002,I,Q38,,
L013,PD003,S,Q04,,
L014,PD003,S,Q27,,
L015,PD003,S,Q30,,
L016,PD003,S,Q45,,
L017,PD003,S,Q53,,
L018,PD004,I,Q19,,
L019,PD004,I,Q39,,
L020,PD004,I,Q47,,
L021,PD004,I,Q52,,
L022,PD005,I,Q11,,
L023,PD005,I,Q13,,
L024,PD005,I,Q26,,
L025,PD005,I,Q43,,
L026,PD006,I,Q12,,
L027,PD006,I,Q22,,
L028,PD006,I,Q31,,
L029,PD006,I,Q37,,
L030,PD007,R,Q01,,
L031,PD007,R,Q19,,
L032,PD007,R,Q47,,
L033,PD007,R,Q50,,
L034,PD008,A,Q03,,
L035,PD008,A,Q23,,
L036,PD008,A,Q44,,
L037,PD009,I,Q10,,
L038,PD009,I,Q25,,
L039,PD009,I,Q46,,
L040,PD010,I,Q39,,
L041,PD010,I,Q43,,
L042,PD010,I,Q44,,
L043,PD011,I,Q10,,
L044,PD011,I,Q19,,
L045,PD011,I,Q31,,
L046,PD012,I,Q12,,
L047,PD012,I,Q40,,
L048,PD012,I,Q45,,
L049,PD013,R,Q01,,
L050,PD013,R,Q14,,
L051,PD013,R,Q23,,
L052,PD013,R,Q38,,
L053,PD014,I,Q10,,
L054,PD014,I,Q19,,
L055,PD014,I,Q33,,
L056,PD015,I,Q19,,
L057,PD015,I,Q39,,
L058,PD015,I,Q47,,
L059,PD016,I,Q10,,
L060,PD016,I,Q33,,
L061,PD016,I,Q47,,
L062,PD017,I,Q27,,
L063,PD017,I,Q40,,
L064,PD017,I,Q52,,
L065,PD018,I,Q12,,
L066,PD018,I,Q24,,
L067,PD018,I,Q37,,
L068,PD018,I,Q44,,
L069,PD019,I,Q13,,
L070,PD019,I,Q41,,
L071,PD019,I,Q47,,
L072,PD020,E,Q05,,
L073,PD020,E,Q26,,
L074,PD020,E,Q43,,
L075,PD020,E,Q51,,
L076,PD021,I,Q12,,
L077,PD021,I,Q40,,
L078,PD021,I,Q41,,
L079,PD022,I,Q19,,
L080,PD022,I,Q22,,
L081,PD022,I,Q39,,
L082,PD023,I,Q10,,
L083,PD023,I,Q40,,
L084,PD024,A,Q10,,
L085,PD024,A,Q23,,
L086,PD025,I,Q41,,
L087,PD025,I,Q43,,
L088,PD026,I,Q10,,
L089,PD026,I,Q26,,
L090,PD027,I,Q10,,
L091,PD027,I,Q33,,
L092,PD028,I,Q32,,
L093,PD028,I,Q40,,
L094,PD029,I,Q24,,
L095,PD029,I,Q40,,
L096,PD029,I,Q41,,
L097,PD030,I,Q41,,
L098,PD030,I,Q46,,
L099,PD031,I,Q35,,
L100,PD031,I,Q41,,
L101,PD031,I,Q43,,
L102,PD032,I,Q40,,
L103,PD032,I,Q50,,
L104,PD033,S,Q27,,
L105,PD033,S,Q45,,
L106,PD034,I,Q41,,
L107,PD034,I,Q43,,
L108,PD035,I,Q40,,
L109,PD035,I,Q45,,
L110,PD036,I,Q41,,
L111,PD036,I,Q45,,
L112,PD037,I,Q22,,
L113,PD037,I,Q39,,
L114,PD038,I,Q27,,
L115,PD038,I,Q45,,
L116,PD039,I,Q39,,
L117,PD039,I,Q47,,
L118,PD040,I,Q19,,
L119,PD040,I,Q22,,
L120,PD041,I,Q24,,
L121,PD041,I,Q40,,
L122,PD042,I,Q40,,
L123,PD042,I,Q42,,
L124,PD043,I,Q41,,
L125,PD043,I,Q43,,
L126,PD044,I,Q43,,
L127,PD044,I,Q44,,
L128,PD045,I,Q10,,
L129,PD045,I,Q23,,
L130,PD046,I,Q11,,
L131,PD046,I,Q43,,
L132,PD047,I,Q24,,
L133,PD047,I,Q46,,
L134,PD048,I,Q40,,
L135,PD048,I,Q44,,
L136,PD049,I,Q40,,
L137,PD049,I,Q52,,
L138,PD050,I,Q33,,
L139,PD050,I,Q35,,
L140,PD050,I,Q47,,
L141,PD051,I,Q43,,
L142,PD051,I,Q51,,
L143,PD052,I,Q33,,
L144,PD052,I,Q44,,
L145,PD053,I,Q40,,
L146,PD053,I,Q50,,
L147,PD054,I,Q40,,
L148,PD054,I,Q50,,
L149,PD055,I,Q27,,
L150,PD055,I,Q52,,
L151,PD056,I,Q23,,
L152,PD056,I,Q50,,
L153,PD057,I,Q21,,
L154,PD057,I,Q40,,
L155,PD058,I,Q45,,
L156,PD058,I,Q52,,
L157,PD059,I,Q13,,
L158,PD059,I,Q52,,
L159,PD060,I,Q35,,
L160,PD060,I,Q47,,
L161,PD061,I,Q10,,
L162,PD061,I,Q23,,
L163,PD062,I,Q21,,
L164,PD062,I,Q52,,
L165,PD063,I,Q47,,
L166,PD063,I,Q49,,
L167,PD064,A,Q23,,
L168,PD064,A,Q43,,
L169,PD065,A,Q39,,
L170,PD065,A,Q41,,
L171,PD066,I,Q43,,
L172,PD066,I,Q44,,
L173,PD067,I,Q35,,
L174,PD067,I,Q47,,
L175,PD068,A,Q25,,
L176,PD068,A,Q44,,
L177,PD069,E,Q26,,
L178,PD069,E,Q50,,
L179,PD070,E,Q43,,
L180,PD070,E,Q44,,
L181,PD071,A,Q25,,
L182,PD071,A,Q44,,
L183,PD072,A,Q03,,
L184,PD072,A,Q31,,
L185,PD073,E,Q25,,
L186,PD073,E,Q44,,
L187,PD074,E,Q41,,
L188,PD074,E,Q52,,
L189,PD075,I,Q40,,
L190,PD075,I,Q43,,
L191,PD076,A,Q27,,
L192,PD076,A,Q40,,
L193,PD077,A,Q03,,
L194,PD077,A,Q21,,
L195,PD078,A,Q03,,
L196,PD078,A,Q50,,
L197,PD079,I,Q22,,
L198,PD079,I,Q37,,
L199,PD080,A,Q26,,
L200,PD080,A,Q33,,
L1201,PD567,I,Q21,,
L1202,PD567,I,Q30,,
L1203,PD568,A,Q42,,
L1204,PD568,A,Q43,,
L1205,PD569,I,Q25,,
L1206,PD569,I,Q46,,
L1207,PD570,A,Q21,,
L1208,PD570,A,Q39,,
L1209,PD571,I,Q21,,
L1210,PD571,I,Q22,,
L1211,PD572,R,Q21,,
L1212,PD572,R,Q39,,
L1213,PD573,I,Q21,,
L1214,PD573,I,Q38,,
L1215,PD574,A,Q21,,
L1216,PD574,A,Q38,,
L1217,PD575,A,Q14,,
L1218,PD575,A,Q19,,
L1219,PD576,I,Q01,,
L1220,PD576,I,Q21,,
L1221,PD577,I,Q14,,
L1222,PD577,I,Q38,,
L1223,PD578,A,Q10,,
L1224,PD578,A,Q19,,
L1225,PD579,A,Q21,,
L1226,PD579,A,Q39,,
L1227,PD580,A,Q21,,
L1228,PD580,A,Q37,,
L1229,PD581,I,Q21,,
L1230,PD581,I,Q39,,
L1231,PD582,A,Q22,,
L1232,PD582,A,Q37,,
L1233,PD583,A,Q22,,
L1234,PD583,A,Q23,,
L1235,PD584,A,Q37,,
L1236,PD584,A,Q38,,
L1237,PD585,I,Q21,,
L1238,PD585,I,Q37,,
L1239,PD586,I,Q01,,
L1240,PD586,I,Q21,,
L1241,PD587,I,Q14,,
L1242,PD587,I,Q19,,
L1243,PD588,I,Q01,,
L1244,PD588,I,Q14,,
L1245,PD589,R,Q01,,
L1246,PD589,R,Q23,,
L1247,PD590,I,Q01,,
L1248,PD590,I,Q10,,
L1249,PD591,I,Q39,,
L1250,PD591,I,Q47,,
L1251,PD592,I,Q21,,
L1252,PD592,I,Q37,,
L1253,PD593,I,Q23,,
L1254,PD593,I,Q37,,
L1255,PD594,I,Q40,,
L1256,PD594,I,Q44,,
L1257,PD595,I,Q21,,
L1258,PD595,I,Q40,,
L1259,PD596,I,Q39,,
L1260,PD596,I,Q40,,
L1261,PD597,I,Q21,,
L1262,PD597,I,Q32,,
L1263,PD598,I,Q33,,
L1264,PD598,I,Q35,,
L1265,PD599,A,Q32,,
L1266,PD599,A,Q37,,
L1267,PD600,I,Q24,,
L1268,PD600,I,Q46,,
L1269,PD601,A,Q14,,
L1270,PD601,A,Q20,,
L1271,PD602,A,Q21,,
L1272,PD602,A,Q25,,
L1273,PD603,A,Q25,,
L1274,PD603,A,Q35,,
L1275,PD604,A,Q25,,
L1276,PD604,A,Q50,,
L1277,PD605,A,Q24,,
L1278,PD605,A,Q31,,
L1279,PD606,I,Q24,,
L1280,PD606,I,Q31,,
L1281,PD607,I,Q25,,
L1282,PD607,I,Q37,,
L1283,PD608,I,Q31,,
L1284,PD608,I,Q37,,
L1285,PD609,I,Q31,,
L1286,PD609,I,Q39,,
L1287,PD610,I,Q30,,
L1288,PD610,I,Q48,,
L1289,PD611,S,Q30,,
L1290,PD611,S,Q53,,
L1291,PD612,S,Q14,,
L1292,PD612,S,Q53,,
L1293,PD613,S,Q14,,
L1294,PD613,S,Q17,,
L1295,PD614,I,Q14,,
L1296,PD614,I,Q30,,
L1297,PD615,I,Q14,,
L1298,PD615,I,Q30,,
L1299,PD616,I,Q14,,
L1300,PD616,I,Q25,,
L1301,PD617,I,Q14,,
L1302,PD617,I,Q30,,
L1303,PD618,I,Q14,,
L1304,PD618,I,Q25,,
L1305,PD619,I,Q14,,
L1306,PD619,I,Q20,,
L1307,PD620,A,Q14,,
L1308,PD620,A,Q20,,
L1309,PD621,I,Q14,,
L1310,PD621,I,Q20,,
L1311,PD622,I,Q14,,
L1312,PD622,I,Q19,,
L1313,PD623,I,Q14,,
L1314,PD623,I,Q20,,
L1315,PD624,I,Q14,,
L1316,PD624,I,Q37,,
L1317,PD625,I,Q10,,
L1318,PD625,I,Q14,,
L1319,PD626,I,Q10,,
L1320,PD626,I,Q14,,
L1321,PD627,I,Q10,,
L1322,PD627,I,Q14,,
L1323,PD628,I,Q10,,
L1324,PD628,I,Q19,,
L1325,PD629,S,Q10,,
L1326,PD629,S,Q14,,
L1327,PD630,S,Q10,,
L1328,PD630,S,Q25,,
L1329,PD631,I,Q10,,
L1330,PD631,I,Q14,,
L1331,PD632,I,Q10,,
L1332,PD632,I,Q25,,
L1333,PD633,R,Q10,,
L1334,PD633,R,Q14,,
L1335,PD634,A,Q03,,
L1336,PD634,A,Q43,,
L1337,PD635,E,Q13,,
L1338,PD635,E,Q43,,
L1339,PD636,E,Q14,,
L1340,PD636,E,Q21,,
L1341,PD637,R,Q10,,
L1342,PD637,R,Q14,,
L1343,PD638,E,Q19,,
L1344,PD638,E,Q39,,
L1345,PD639,I,Q14,,
L1346,PD639,I,Q19,,
L1347,PD640,R,Q14,,
L1348,PD640,R,Q23,,
L1349,PD641,I,Q10,,
L1350,PD641,I,Q14,,
L1351,PD642,I,Q14,,
L1352,PD642,I,Q22,,
L1353,PD643,R,Q14,,
L1354,PD643,R,Q19,,
L1355,PD644,I,Q22,,
L1356,PD644,I,Q38,,
L1357,PD645,I,Q14,,
L1358,PD645,I,Q23,,
L1359,PD646,I,Q19,,
L1360,PD646,I,Q31,,
L1361,PD647,R,Q01,,
L1362,PD647,R,Q23,,
L1363,PD648,I,Q11,,
L1364,PD648,I,Q46,,
L1365,PD649,I,Q19,,
L1366,PD649,I,Q46,,
L1367,PD650,I,Q21,,
L1368,PD650,I,Q39,,
L1369,PD651,R,Q01,,
L1370,PD651,R,Q21,,
L1371,PD652,I,Q31,,
L1372,PD652,I,Q40,,
L1373,PD653,A,Q21,,
L1374,PD653,A,Q38,,
L1375,PD654,A,Q40,,
L1376,PD654,A,Q44,,
L1377,PD655,R,Q10,,
L1378,PD655,R,Q19,,
L1379,PD656,R,Q14,,
L1380,PD656,R,Q23,,
L1381,PD657,I,Q25,,
L1382,PD657,I,Q30,,
L1383,PD658,R,Q21,,
L1384,PD658,R,Q39,,
L1385,PD659,R,Q01,,
L1386,PD659,R,Q23,,
L1387,PD660,R,Q01,,
L1388,PD660,R,Q38,,
L1389,PD661,R,Q01,,
L1390,PD661,R,Q23,,
L1391,PD662,R,Q01,,
L1392,PD662,R,Q39,,
L1393,PD663,R,Q21,,
L1394,PD663,R,Q37,,
L1395,PD664,R,Q01,,
L1396,PD664,R,Q39,,
L1397,PD665,R,Q21,,
L1398,PD665,R,Q39,,
L1399,PD666,I,Q21,,
L1400,PD666,I,Q37,,
L1401,PD667,R,Q01,,
L1402,PD667,R,Q21,,
L1403,PD668,I,Q01,,
L1404,PD668,I,Q21,,
L1405,PD669,I,Q21,,
L1406,PD669,I,Q38,,
L1407,PD670,R,Q21,,
L1408,PD670,R,Q39,,
L1409,PD671,R,Q21,,
L1410,PD671,R,Q39,,
L1411,PD672,I,Q21,,
L1412,PD672,I,Q37,,
L1413,PD673,I,Q01,,
L1414,PD673,I,Q21,,
L1415,PD674,R,Q21,,
L1416,PD674,R,Q39,,
L1417,PD675,R,Q21,,
L1418,PD675,R,Q39,,
L1419,PD676,I,Q31,,
L1420,PD676,I,Q37,,
L1421,PD677,I,Q31,,
L1422,PD677,I,Q35,,
L1423,PD678,I,Q21,,
L1424,PD678,I,Q31,,
L1425,PD679,A,Q31,,
L1426,PD679,A,Q37,,
L1427,PD680,A,Q31,,
L1428,PD680,A,Q37,,
